<?xml version="1.0" encoding="UTF-8" standalone="yes"?>
<Infos version="6.0.1.303" version-code="60100303" update-time="2021-10-28">
	<country-list>
		<country site-id="5" name-zh="阿塞拜疆" name-en="Azerbaijan" iso-2code="AZ" tel-code="994" mcc="400" sms="1" child-age="18" register-cfg="{'marketing-agr-position':'0'}"/>
		<country site-id="5" name-zh="格鲁吉亚" name-en="Georgia" iso-2code="GE" tel-code="995" mcc="282" sms="1" child-age="18" register-cfg="{'marketing-agr-position':'0'}"/>
		<country site-id="5" name-zh="亚美尼亚" name-en="Armenia" iso-2code="AM" tel-code="374" mcc="283" sms="1" child-age="13" register-cfg="{'marketing-agr-position':'0'}"/>
		<country site-id="5" name-zh="哈萨克斯坦" name-en="Kazakhstan" iso-2code="KZ" tel-code="7" mcc="401" sms="1" child-age="14" register-cfg="{'marketing-agr-position':'0'}"/>
		<country site-id="5" name-zh="吉尔吉斯斯坦" name-en="Kyrgyzstan" iso-2code="KG" tel-code="996" mcc="437" sms="1" child-age="18" register-cfg="{'marketing-agr-position':'0'}"/>
		<country site-id="5" name-zh="塔吉克斯坦" name-en="Tajikistan" iso-2code="TJ" tel-code="992" mcc="436" sms="1" child-age="18" register-cfg="{'marketing-agr-position':'0'}"/>
		<country site-id="5" name-zh="乌兹别克斯坦" name-en="Uzbekistan" iso-2code="UZ" tel-code="998" mcc="434" sms="1" child-age="18" register-cfg="{'marketing-agr-position':'0'}"/>
		<country site-id="5" name-zh="土库曼斯坦" name-en="Turkmenistan" iso-2code="TM" tel-code="993" mcc="438" sms="1" child-age="18" register-cfg="{'marketing-agr-position':'0'}"/>
		<country site-id="5" name-zh="蒙古" name-en="Mongolia" iso-2code="MN" tel-code="976" mcc="428" sms="1" child-age="18" register-cfg="{'marketing-agr-position':'0'}"/>
		<country site-id="5" name-zh="墨西哥" name-en="Mexico" iso-2code="MX" tel-code="52" mcc="334" sms="1" child-age="18" membership="1" register-cfg="{'marketing-agr-position':'0'}"/>
		<country site-id="5" name-zh="哥伦比亚" name-en="Colombia" iso-2code="CO" tel-code="57" mcc="732" sms="1" child-age="18" membership="1" register-cfg="{'marketing-agr-position':'0'}"/>
		<country site-id="5" name-zh="巴拿马" name-en="Panama" iso-2code="PA" tel-code="507" mcc="714" sms="1" child-age="7" register-cfg="{'marketing-agr-position':'0'}"/>
		<country site-id="5" name-zh="多米尼加共和国" name-en="Dominican Republic" iso-2code="DO" tel-code="1809,1829,1849" mcc="370" sms="1" child-age="14" register-cfg="{'marketing-agr-position':'0'}"/>
		<country site-id="5" name-zh="哥斯达黎加" name-en="Costa Rica" iso-2code="CR" tel-code="506" mcc="712" sms="1" child-age="12" register-cfg="{'marketing-agr-position':'0'}"/>
		<country site-id="5" name-zh="危地马拉" name-en="Guatemala" iso-2code="GT" tel-code="502" mcc="704" sms="1" child-age="18" register-cfg="{'marketing-agr-position':'0'}"/>
		<country site-id="5" name-zh="洪都拉斯" name-en="Honduras" iso-2code="HN" tel-code="504" mcc="708" sms="1" child-age="18" register-cfg="{'marketing-agr-position':'0'}"/>
		<country site-id="5" name-zh="萨尔瓦多" name-en="El Salvador" iso-2code="SV" tel-code="503" mcc="706" sms="1" child-age="7" register-cfg="{'marketing-agr-position':'0'}"/>
		<country site-id="5" name-zh="秘鲁" name-en="Peru" iso-2code="PE" tel-code="51" mcc="716" sms="1" child-age="18" membership="1" register-cfg="{'marketing-agr-position':'0'}"/>
		<country site-id="5" name-zh="玻利维亚" name-en="Bolivia" iso-2code="BO" tel-code="591" mcc="736" sms="1" child-age="12" register-cfg="{'marketing-agr-position':'0'}"/>
		<country site-id="5" name-zh="智利" name-en="Chile" iso-2code="CL" tel-code="56" mcc="730" sms="1" child-age="18" membership="1" register-cfg="{'marketing-agr-position':'0'}"/>
		<country site-id="5" name-zh="马来西亚" name-en="Malaysia" iso-2code="MY" tel-code="60" mcc="502" sms="1" child-age="18" membership="1" register-cfg="{'marketing-agr-position':'0'}"/>
		<country site-id="5" name-zh="伊拉克" name-en="Iraq" iso-2code="IQ" tel-code="60" mcc="502" sms="1" child-age="18" membership="1" register-cfg="{'marketing-agr-position':'0'}"/>
		<country site-id="5" name-zh="埃及" name-en="Egypt" iso-2code="EG" tel-code="20" mcc="602" sms="1" child-age="18" membership="1" register-cfg="{'marketing-agr-position':'0'}"/>
		<country site-id="5" name-zh="阿联酋" name-en="United Arab Emirates" iso-2code="AE" tel-code="971" mcc="424" sms="1" child-age="21" membership="1" register-cfg="{'marketing-agr-position':'0'}"/>
		<country site-id="5" name-zh="阿曼" name-en="Oman" iso-2code="OM" tel-code="968" mcc="422" sms="1" child-age="18" membership="1" register-cfg="{'marketing-agr-position':'0'}"/>
		<country site-id="5" name-zh="卡塔尔" name-en="Qatar" iso-2code="QA" tel-code="974" mcc="427" sms="1" child-age="18" membership="1" register-cfg="{'marketing-agr-position':'0'}"/>
		<country site-id="5" name-zh="科威特" name-en="Kuwait" iso-2code="KW" tel-code="965" mcc="419" sms="1" child-age="21" membership="1" register-cfg="{'marketing-agr-position':'0'}"/>
		<country site-id="5" name-zh="巴林" name-en="Bahrain" iso-2code="BH" tel-code="973" mcc="426" sms="1" child-age="21" membership="1" register-cfg="{'marketing-agr-position':'0'}"/>
		<country site-id="5" name-zh="沙特" name-en="Saudi Arabia" iso-2code="SA" tel-code="966" mcc="419" sms="1" child-age="15" membership="1" register-cfg="{'marketing-agr-position':'0'}"/>
		<country site-id="5" name-zh="南非" name-en="South Africa" iso-2code="ZA" tel-code="27" mcc="655" sms="1" child-age="18" membership="1" register-cfg="{'marketing-agr-position':'0'}"/>
		<country site-id="5" name-zh="约旦" name-en="Jordan" iso-2code="JO" tel-code="962" mcc="416" sms="1" child-age="18" register-cfg="{'marketing-agr-position':'0'}"/>
		<country site-id="5" name-zh="也门" name-en="Yemen" iso-2code="YE" tel-code="967" mcc="421" sms="1" child-age="15" register-cfg="{'marketing-agr-position':'0'}"/>
		<country site-id="5" name-zh="黎巴嫩" name-en="Lebanon" iso-2code="LB" tel-code="961" mcc="415" sms="1" child-age="18" register-cfg="{'marketing-agr-position':'0'}" />
		<country site-id="5" name-zh="白俄罗斯" name-en="Belarus" iso-2code="BY" tel-code="375" mcc="257" sms="1" child-age="18" register-cfg="{'marketing-agr-position':'0'}"/>
		<country site-id="7" name-zh="西班牙" name-en="Spain" iso-2code="ES" tel-code="34" mcc="214" sms="1" child-age="16"  register-cfg="{'marketing-agr-position':'1','name-display':'0','automatic-read-phone-number':'0','name-order':'0','guide-display':'1'}" membership="1"/>
		<country site-id="7" name-zh="法国" name-en="France" iso-2code="FR" tel-code="33" mcc="208" sms="1" child-age="16"  register-cfg="{'marketing-agr-position':'1','name-display':'0','automatic-read-phone-number':'0','name-order':'0','guide-display':'1'}" membership="1"/>
		<country site-id="7" name-zh="德国" name-en="Germany" iso-2code="DE" tel-code="49" mcc="262" sms="1"  register-cfg="{'marketing-agr-position':'1','name-display':'0','automatic-read-phone-number':'0','name-order':'0','guide-display':'1'}" membership="1"/>
		<country site-id="7" name-zh="意大利" name-en="Italy" iso-2code="IT" tel-code="39" mcc="222" sms="1" child-age="13"  register-cfg="{'marketing-agr-position':'1','name-display':'0','automatic-read-phone-number':'0','name-order':'0','guide-display':'1'}" membership="1"/>
		<country site-id="7" name-zh="捷克" name-en="Czech Republic" iso-2code="CZ" tel-code="420" mcc="230" sms="1" child-age="15"  register-cfg="{'marketing-agr-position':'1','name-display':'0','automatic-read-phone-number':'0','name-order':'0','guide-display':'1'}" membership="1"/>
		<country site-id="7" name-zh="匈牙利" name-en="Hungary" iso-2code="HU" tel-code="36" mcc="216" sms="1" child-age="16"  register-cfg="{'marketing-agr-position':'1','name-display':'0','automatic-read-phone-number':'0','name-order':'0','guide-display':'1'}" membership="1"/>
		<country site-id="7" name-zh="罗马尼亚" name-en="Romania" iso-2code="RO" tel-code="40" mcc="226" sms="1" child-age="16" register-cfg="{'marketing-agr-position':'1','name-display':'0','automatic-read-phone-number':'0','name-order':'0','guide-display':'1'}" membership="1"/>
		<country site-id="7" name-zh="希腊" name-en="Greece" iso-2code="GR" tel-code="30" mcc="202" sms="1" child-age="15"  register-cfg="{'marketing-agr-position':'1','name-display':'0','automatic-read-phone-number':'0','name-order':'0','guide-display':'1'}" membership="1"/>
		<country site-id="7" name-zh="英国" name-en="United Kingdom" iso-2code="GB" tel-code="44" mcc="234" sms="1" child-age="13"  register-cfg="{'marketing-agr-position':'1','name-display':'0','automatic-read-phone-number':'0','name-order':'0','guide-display':'1'}" membership="1"/>
		<country site-id="7" name-zh="斯洛伐克" name-en="Slovakia" iso-2code="SK" tel-code="421" mcc="231" sms="1" child-age="16" register-cfg="{'marketing-agr-position':'1','name-display':'0','automatic-read-phone-number':'0','name-order':'0','guide-display':'1'}" membership="1"/>
		<country site-id="7" name-zh="奥地利" name-en="Austria" iso-2code="AT" tel-code="43" mcc="232" sms="1" child-age="14"  register-cfg="{'marketing-agr-position':'1','name-display':'0','automatic-read-phone-number':'0','name-order':'0','guide-display':'1'}" membership="1"/>
		<country site-id="7" name-zh="塞尔维亚" name-en="Serbia" iso-2code="RS" tel-code="381" mcc="220" sms="1" child-age="16" register-cfg="{'marketing-agr-position':'1','name-display':'0','automatic-read-phone-number':'0','name-order':'0','guide-display':'1'}" membership="1"/>
		<country site-id="7" name-zh="保加利亚" name-en="Bulgaria" iso-2code="BG" tel-code="359" mcc="284" sms="1" child-age="14"  register-cfg="{'marketing-agr-position':'1','name-display':'0','automatic-read-phone-number':'0','name-order':'0','guide-display':'1'}" membership="1"/>
		<country site-id="7" name-zh="克罗地亚" name-en="Croatia" iso-2code="HR" tel-code="385" mcc="219" sms="1" child-age="16" register-cfg="{'marketing-agr-position':'1','name-display':'0','automatic-read-phone-number':'0','name-order':'0','guide-display':'1'}" membership="1"/>
		<country site-id="7" name-zh="北马其顿" name-en="North Macedonia" iso-2code="MK" tel-code="389" mcc="294" sms="1" child-age="16"  register-cfg="{'marketing-agr-position':'1','name-display':'0','automatic-read-phone-number':'0','name-order':'0','guide-display':'1'}" membership="1"/>
		<country site-id="7" name-zh="波兰" name-en="Poland" iso-2code="PL" tel-code="48" mcc="260" sms="1" child-age="16"  register-cfg="{'marketing-agr-position':'1','name-display':'0','automatic-read-phone-number':'0','name-order':'0','guide-display':'1'}" membership="1"/>
		<country site-id="7" name-zh="芬兰" name-en="Finland" iso-2code="FI" tel-code="358" mcc="244" sms="1" child-age="13"  register-cfg="{'marketing-agr-position':'1','name-display':'0','automatic-read-phone-number':'0','name-order':'0','guide-display':'1'}" membership="1"/>
		<country site-id="7" name-zh="土耳其" name-en="Turkey" iso-2code="TR" tel-code="90" mcc="286" sms="1"  register-cfg="{'marketing-agr-position':'1','name-display':'0','automatic-read-phone-number':'0','name-order':'0','guide-display':'1'}" membership="1"/>
		<country site-id="7" name-zh="乌克兰" name-en="Ukraine" iso-2code="UA" tel-code="380" mcc="255" sms="1" child-age="16" register-cfg="{'marketing-agr-position':'1','name-display':'0','automatic-read-phone-number':'0','name-order':'0','guide-display':'1'}" membership="1"/>
		<country site-id="8" name-zh="俄罗斯" name-en="Russian Federation" iso-2code="RU" tel-code="7" mcc="250" sms="1" register-cfg="{'marketing-agr-position':'0','name-display':'0','automatic-read-phone-number':'0','name-order':'0','guide-display':'1'}" membership="1"/>

		<country site-id="5" name-zh="A1" name-en="AFuhan" iso-2code="AF" tel-code="93" mcc="412" sms="1"/>
		<country site-id="7" name-zh="阿尔巴尼亚" name-en="Albania" iso-2code="AL" tel-code="355" mcc="276" sms="1" register-cfg="{'marketing-agr-position':'1','name-display':'0','automatic-read-phone-number':'0','name-order':'0','guide-display':'1'}"/>
		<country site-id="5" name-zh="阿尔及利亚" name-en="Algeria" iso-2code="DZ" tel-code="213" mcc="603" sms="1"/>
		<country site-id="7" name-zh="安道尔" name-en="Andorra" iso-2code="AD" tel-code="376" mcc="213" sms="1"  register-cfg="{'marketing-agr-position':'1','name-display':'0','automatic-read-phone-number':'0','name-order':'0','guide-display':'1'}"/>
		<country site-id="5" name-zh="A8" name-en="A8" iso-2code="AO" tel-code="244" mcc="631" sms="1" default-register-method="mobile"/>
		<country site-id="5" name-zh="安圭拉" name-en="Anguilla" iso-2code="AI" tel-code="1264" mcc="365" sms="0" default-register-method="mobile"/>
		<country site-id="5" name-zh="安提瓜和巴布达" name-en="Antigua and Barbuda" iso-2code="AG" tel-code="1268" mcc="344" sms="0" default-register-method="mobile"/>
		<country site-id="5" name-zh="阿根廷" name-en="Argentina" iso-2code="AR" tel-code="54" mcc="722" sms="1" default-register-method="mobile"/>
		<country site-id="5" name-zh="阿鲁巴" name-en="Aruba" iso-2code="AW" tel-code="297" mcc="363" sms="0" default-register-method="mobile"/>
		<country site-id="7" name-zh="澳大利亚" name-en="Australia" iso-2code="AU" tel-code="61" mcc="505" sms="1" default-register-method="mobile"  register-cfg="{'marketing-agr-position':'1','name-display':'0','automatic-read-phone-number':'0','name-order':'0','guide-display':'1'}" membership="1"/>
		<country site-id="5" name-zh="巴哈马" name-en="Bahamas" iso-2code="BS" tel-code="1242" mcc="364" sms="1" default-register-method="mobile"/>
		<country site-id="5" name-zh="孟加拉" name-en="Bangladesh" iso-2code="BD" tel-code="880" mcc="470" sms="1" default-register-method="mobile" membership="1"/>
		<country site-id="5" name-zh="巴巴多斯" name-en="Barbados" iso-2code="BB" tel-code="1246" mcc="342" sms="0" default-register-method="mobile"/>
		<country site-id="7" name-zh="比利时" name-en="Belgium" iso-2code="BE" tel-code="32" mcc="206" sms="1" child-age="13"  register-cfg="{'marketing-agr-position':'1','name-display':'0','automatic-read-phone-number':'0','name-order':'0','guide-display':'1'}" membership="1"/>
		<country site-id="5" name-zh="伯利兹" name-en="Belize" iso-2code="BZ" tel-code="501" mcc="702" sms="0" default-register-method="mobile"/>
		<country site-id="5" name-zh="贝宁" name-en="Benin" iso-2code="BJ" tel-code="229" mcc="616" sms="1" default-register-method="mobile"/>
		<country site-id="7" name-zh="波黑" name-en="Bosnia" iso-2code="BA" tel-code="387" mcc="218" sms="1"  register-cfg="{'marketing-agr-position':'1','name-display':'0','automatic-read-phone-number':'0','name-order':'0','guide-display':'1'}" membership="1"/>
		<country site-id="5" name-zh="博茨瓦纳" name-en="Botswana" iso-2code="BW" tel-code="267" mcc="652" sms="1" default-register-method="mobile"/>
		<country site-id="5" name-zh="巴西" name-en="Brazil" iso-2code="BR" tel-code="55" mcc="724" sms="1" default-register-method="mobile"/>
		<country site-id="5" name-zh="文莱" name-en="Brunel Darussalam" iso-2code="BN" tel-code="673" mcc="528" sms="1" default-register-method="mobile" membership="1"/>
		<country site-id="5" name-zh="布基纳法索" name-en="Burkina Faso" iso-2code="BF" tel-code="226" mcc="613" sms="1" default-register-method="mobile"/>
		<country site-id="5" name-zh="布隆迪" name-en="Burundi" iso-2code="BI" tel-code="257" mcc="642" sms="1" default-register-method="mobile"/>
		<country site-id="5" name-zh="柬埔寨" name-en="Cambodia" iso-2code="KH" tel-code="855" mcc="456" sms="1" default-register-method="mobile" membership="1"/>
		<country site-id="5" name-zh="喀麦隆" name-en="Cameroon" iso-2code="CM" tel-code="237" mcc="624" sms="1" default-register-method="mobile"/>
		<country site-id="5" name-zh="佛特角" name-en="Cape Verde" iso-2code="CV" tel-code="238" mcc="625" sms="1" default-register-method="mobile"/>
		<country site-id="5" name-zh="开曼群岛" name-en="Cayman Islands" iso-2code="KY" tel-code="1345" mcc="346" sms="0" default-register-method="mobile"/>
		<country site-id="5" name-zh="中非" name-en="Central African Republic" iso-2code="CF" tel-code="236" mcc="623" sms="1"/>
		<country site-id="5" name-zh="乍得" name-en="Chad" iso-2code="TD" tel-code="235" mcc="622" sms="1" default-register-method="mobile"/>
		<country site-id="1" name-zh="中国" name-en="China" iso-2code="CN" tel-code="86" mcc="460" sms="1"/>
		<country site-id="5" name-zh="科摩罗" name-en="Comoros" iso-2code="KM" tel-code="269" mcc="654" sms="1" default-register-method="mobile"/>
		<country site-id="5" name-zh="刚果布" name-en="Republic of Congo" iso-2code="CG" tel-code="242" mcc="629" sms="1" phone-regular="0"/>
		<country site-id="5" name-zh="刚果金" name-en="Democratic Republic of the Congo" iso-2code="CD" tel-code="243" mcc="630" sms="1" default-register-method="mobile"/>
		<country site-id="5" name-zh="库克群岛" name-en="Cook Islands" iso-2code="CK" tel-code="682" mcc="548" sms="1" default-register-method="mobile" membership="1"/>
		<country site-id="5" name-zh="A6" name-en="A6" iso-2code="CU" tel-code="53" mcc="368" sms="1" personal-data-copy="0" child-manager="0" register="0" hc-change="0" mobile="0"/>
		<country site-id="7" name-zh="塞浦路斯" name-en="Cyprus" iso-2code="CY" tel-code="357" mcc="280" sms="1" child-age="14"  register-cfg="{'marketing-agr-position':'1','name-display':'0','automatic-read-phone-number':'0','name-order':'0','guide-display':'1'}" membership="1"/>
		<country site-id="7" name-zh="丹麦" name-en="Denmark" iso-2code="DK" tel-code="45" mcc="238" sms="1" child-age="13"  register-cfg="{'marketing-agr-position':'1','name-display':'0','automatic-read-phone-number':'0','name-order':'0','guide-display':'1'}" membership="1"/>
		<country site-id="5" name-zh="吉布提" name-en="Djibouti" iso-2code="DJ" tel-code="253" mcc="638" sms="1" default-register-method="mobile"/>
		<country site-id="5" name-zh="厄瓜多尔" name-en="Ecuador" iso-2code="EC" tel-code="593" mcc="740" sms="1" default-register-method="mobile"/>
		<country site-id="5" name-zh="赤道几内亚" name-en="Equatorial Guinea" iso-2code="GQ" tel-code="240" mcc="627" sms="1" default-register-method="mobile"/>
		<country site-id="5" name-zh="厄立特里亚" name-en="Eritrea" iso-2code="ER" tel-code="291" mcc="657" sms="0" default-register-method="mobile"/>
		<country site-id="7" name-zh="爱沙尼亚" name-en="Estonia" iso-2code="EE" tel-code="372" mcc="248" sms="1" child-age="13"  register-cfg="{'marketing-agr-position':'1','name-display':'0','automatic-read-phone-number':'0','name-order':'0','guide-display':'1'}" membership="1"/>
		<country site-id="5" name-zh="埃塞俄比亚" name-en="Ethiopia" iso-2code="ET" tel-code="251" mcc="636" sms="1" default-register-method="mobile"/>
		<country site-id="7" name-zh="法罗群岛" name-en="Faroe Islands" iso-2code="FO" tel-code="298" mcc="288" sms="1" register-cfg="{'marketing-agr-position':'1','name-display':'0','automatic-read-phone-number':'0','name-order':'0','guide-display':'1'}"/>
		<country site-id="5" name-zh="斐济" name-en="Fiji" iso-2code="FJ" tel-code="679" mcc="542" sms="1" default-register-method="mobile" membership="1"/>
		<country site-id="5" name-zh="法属圭亚那" name-en="French Guiana" iso-2code="GF" tel-code="594" mcc="742" sms="0" default-register-method="mobile"/>
		<country site-id="5" name-zh="法属波利尼西亚" name-en="French Polynesia" iso-2code="PF" tel-code="689" mcc="547" sms="1" default-register-method="mobile" membership="1"/>
		<country site-id="5" name-zh="加蓬" name-en="Gabon" iso-2code="GA" tel-code="241" mcc="628" sms="1" phone-regular="0"/>
		<country site-id="5" name-zh="冈比亚" name-en="Gambia" iso-2code="GM" tel-code="220" mcc="607" sms="1" default-register-method="mobile"/>
		<country site-id="5" name-zh="加纳" name-en="Ghana" iso-2code="GH" tel-code="233" mcc="620" sms="1" default-register-method="mobile"/>
		<country site-id="7" name-zh="直布罗陀" name-en="Gibraltar" iso-2code="GI" tel-code="350" mcc="266" sms="1" register-cfg="{'marketing-agr-position':'1','name-display':'0','automatic-read-phone-number':'0','name-order':'0','guide-display':'1'}"/>
		<country site-id="7" name-zh="格陵兰岛" name-en="Greenland" iso-2code="GL" tel-code="299" mcc="290" sms="1" register-cfg="{'marketing-agr-position':'1','name-display':'0','automatic-read-phone-number':'0','name-order':'0','guide-display':'1'}"/>
		<country site-id="5" name-zh="格林纳达" name-en="Grenada" iso-2code="GD" tel-code="1473" mcc="352" sms="0" default-register-method="mobile"/>
		<country site-id="5" name-zh="瓜德罗普" name-en="Guadeloupe" iso-2code="GP" tel-code="590" mcc="340" sms="1" default-register-method="mobile"/>
		<country site-id="5" name-zh="几内亚" name-en="Guinea" iso-2code="GN" tel-code="224" mcc="611" sms="1" default-register-method="mobile"/>
		<country site-id="5" name-zh="几内亚比绍" name-en="Guinea-Bissau" iso-2code="GW" tel-code="245" mcc="632" sms="1" default-register-method="mobile"/>
		<country site-id="5" name-zh="圭亚那" name-en="Guyana" iso-2code="GY" tel-code="592" mcc="738" sms="0" default-register-method="mobile"/>
		<country site-id="5" name-zh="海地" name-en="Haiti" iso-2code="HT" tel-code="509" mcc="372" sms="0" default-register-method="mobile"/>
		<country site-id="5" name-zh="中国香港" name-en="HongKong" iso-2code="HK" tel-code="852" mcc="454" sms="1" default-register-method="mobile" membership="1"/>
		<country site-id="7" name-zh="冰岛" name-en="Iceland" iso-2code="IS" tel-code="354" mcc="274" sms="1"  register-cfg="{'marketing-agr-position':'1','name-display':'0','automatic-read-phone-number':'0','name-order':'0','guide-display':'1'}"/>
		<country site-id="5" name-zh="印度" name-en="India" iso-2code="IN" tel-code="91" mcc="404,405,406" sms="1" default-register-method="mobile" membership="1"/>
		<country site-id="5" name-zh="印度尼西亚" name-en="Indonesia" iso-2code="ID" tel-code="62" mcc="510" sms="1" default-register-method="mobile" membership="1"/>
		<country site-id="3" name-zh="A2" name-en="YiLang" iso-2code="IR" tel-code="98" mcc="432" sms="1" personal-data-copy="0" child-manager="0"/>
		<country site-id="5" name-zh="A3" name-en="YiLake" iso-2code="IQ" tel-code="964" mcc="418" sms="1" default-register-method="mobile"/>
		<country site-id="7" name-zh="爱尔兰" name-en="Ireland" iso-2code="IE" tel-code="353" mcc="272" sms="1"  register-cfg="{'marketing-agr-position':'1','name-display':'0','automatic-read-phone-number':'0','name-order':'0','guide-display':'1'}" membership="1"/>
		<country site-id="7" name-zh="以色列" name-en="Israel" iso-2code="IL" tel-code="972" mcc="425" sms="1"  register-cfg="{'marketing-agr-position':'1','name-display':'0','automatic-read-phone-number':'0','name-order':'0','guide-display':'1'}" membership="1"/>
		<country site-id="5" name-zh="科特迪瓦" name-en="Ivory Coast" iso-2code="CI" tel-code="225" mcc="612" sms="1" default-register-method="mobile" phone-regular="0"/>
		<country site-id="5" name-zh="牙买加" name-en="Jamaica" iso-2code="JM" tel-code="1876" mcc="338" sms="1" default-register-method="mobile"/>
		<country site-id="5" name-zh="日本" name-en="Japan" iso-2code="JP" tel-code="81" mcc="440" sms="1" default-register-method="mobile" membership="1"/>
		<country site-id="5" name-zh="肯尼亚" name-en="Kenya" iso-2code="KE" tel-code="254" mcc="639" sms="1" default-register-method="mobile"/>
		<country site-id="5" name-zh="老挝" name-en="Laos" iso-2code="LA" tel-code="856" mcc="457" sms="1" default-register-method="mobile" membership="1"/>
		<country site-id="7" name-zh="拉脱维亚" name-en="Latvia" iso-2code="LV" tel-code="371" mcc="247" sms="1" child-age="13"  register-cfg="{'marketing-agr-position':'1','name-display':'0','automatic-read-phone-number':'0','name-order':'0','guide-display':'1'}" membership="1"/>
		<country site-id="5" name-zh="莱索托" name-en="Lesotho" iso-2code="LS" tel-code="266" mcc="651" sms="1" default-register-method="mobile"/>
		<country site-id="5" name-zh="利比里亚" name-en="Liberia" iso-2code="LR" tel-code="231" mcc="618" sms="1" default-register-method="mobile"/>
		<country site-id="5" name-zh="A10" name-en="A10" iso-2code="LY" tel-code="218" mcc="606" sms="1" default-register-method="mobile"/>
		<country site-id="7" name-zh="列支敦士登" name-en="Liechtenstein" iso-2code="LI" tel-code="423" mcc="295" sms="1"  register-cfg="{'marketing-agr-position':'1','name-display':'0','automatic-read-phone-number':'0','name-order':'0','guide-display':'1'}"/>
		<country site-id="7" name-zh="立陶宛" name-en="Lithuania" iso-2code="LT" tel-code="370" mcc="246" sms="1" child-age="14"  register-cfg="{'marketing-agr-position':'1','name-display':'0','automatic-read-phone-number':'0','name-order':'0','guide-display':'1'}" membership="1"/>
		<country site-id="7" name-zh="卢森堡" name-en="Luxemburg" iso-2code="LU" tel-code="352" mcc="270" sms="1"  register-cfg="{'marketing-agr-position':'1','name-display':'0','automatic-read-phone-number':'0','name-order':'0','guide-display':'1'}"/>
		<country site-id="5" name-zh="中国澳门" name-en="Macao" iso-2code="MO" tel-code="853" mcc="455" sms="1" default-register-method="mobile" membership="1"/>
		<country site-id="5" name-zh="马达加斯加" name-en="Madagascar" iso-2code="MG" tel-code="261" mcc="646" sms="1" default-register-method="mobile"/>
		<country site-id="5" name-zh="马拉维" name-en="Malawi" iso-2code="MW" tel-code="265" mcc="650" sms="1" default-register-method="mobile"/>
		<country site-id="5" name-zh="马尔代夫" name-en="Maldives" iso-2code="MV" tel-code="960" mcc="472" sms="1" default-register-method="mobile" membership="1"/>
		<country site-id="5" name-zh="马里" name-en="Mali" iso-2code="ML" tel-code="223" mcc="610" sms="1" default-register-method="mobile"/>
		<country site-id="7" name-zh="马耳他" name-en="Malta" iso-2code="MT" tel-code="356" mcc="278" sms="1"  register-cfg="{'marketing-agr-position':'1','name-display':'0','automatic-read-phone-number':'0','name-order':'0','guide-display':'1'}"/>
		<country site-id="5" name-zh="马提尼克岛" name-en="Martinique" iso-2code="MQ" tel-code="596" mcc="340" sms="0" default-register-method="mobile"/>
		<country site-id="5" name-zh="毛里塔尼亚" name-en="Mauritania" iso-2code="MR" tel-code="222" mcc="609" sms="1"/>
		<country site-id="5" name-zh="毛里求斯" name-en="Mauritius" iso-2code="MU" tel-code="230" mcc="617" sms="1" default-register-method="mobile"/>
		<country site-id="5" name-zh="马约特" name-en="Mayotte" iso-2code="YT" tel-code="269" mcc="654" sms="0" default-register-method="mobile"/>
		<country site-id="7" name-zh="摩尔多瓦" name-en="Moldova" iso-2code="MD" tel-code="373" mcc="259" sms="1"  register-cfg="{'marketing-agr-position':'1','name-display':'0','automatic-read-phone-number':'0','name-order':'0','guide-display':'1'}" membership="1"/>
		<country site-id="7" name-zh="摩纳哥" name-en="Monaco" iso-2code="MC" tel-code="377" mcc="212" sms="1"  register-cfg="{'marketing-agr-position':'1','name-display':'0','automatic-read-phone-number':'0','name-order':'0','guide-display':'1'}"/>
		<country site-id="7" name-zh="黑山" name-en="Montenegro" iso-2code="ME" tel-code="382" mcc="297" sms="1"  register-cfg="{'marketing-agr-position':'1','name-display':'0','automatic-read-phone-number':'0','name-order':'0','guide-display':'1'}" membership="1"/>
		<country site-id="5" name-zh="蒙特塞拉特岛" name-en="Montserrat" iso-2code="MS" tel-code="1664" mcc="354" sms="0"/>
		<country site-id="5" name-zh="莫桑比克" name-en="Mozambique" iso-2code="MZ" tel-code="258" mcc="643" sms="1" default-register-method="mobile"/>
		<country site-id="5" name-zh="A4" name-en="A4" iso-2code="MM" tel-code="95" mcc="414" sms="1" default-register-method="mobile" membership="1"/>
		<country site-id="5" name-zh="纳米比亚" name-en="Namibia" iso-2code="NA" tel-code="264" mcc="649" sms="1" default-register-method="mobile"/>
		<country site-id="5" name-zh="瑙鲁" name-en="Nauru" iso-2code="NR" tel-code="674" mcc="536" sms="1" default-register-method="mobile" membership="1"/>
		<country site-id="5" name-zh="尼泊尔" name-en="Nepal" iso-2code="NP" tel-code="977" mcc="429" sms="1" default-register-method="mobile" register-cfg="{'marketing-agr-position':'0','name-display':'1','automatic-read-phone-number':'0','name-order':'0','guide-display':'1'}" membership="1"/>
		<country site-id="7" name-zh="荷兰" name-en="Netherlands" iso-2code="NL" tel-code="31" mcc="204" sms="1"  register-cfg="{'marketing-agr-position':'1','name-display':'0','automatic-read-phone-number':'0','name-order':'0','guide-display':'1'}" membership="1"/>
		<country site-id="7" name-zh="荷属安的列斯" name-en="Netherlands Antilles" iso-2code="AN" tel-code="599" mcc="362" sms="0" register="0"/>
		<country site-id="7" name-zh="新西兰" name-en="New Zealand" iso-2code="NZ" tel-code="64" mcc="530" sms="1" default-register-method="mobile"  register-cfg="{'marketing-agr-position':'1','name-display':'0','automatic-read-phone-number':'0','name-order':'0','guide-display':'1'}" membership="1"/>
		<country site-id="5" name-zh="尼加拉瓜" name-en="Nicaragua" iso-2code="NI" tel-code="505" mcc="710" sms="1" default-register-method="mobile"/>
		<country site-id="5" name-zh="尼日尔" name-en="Niger" iso-2code="NE" tel-code="227" mcc="614" sms="1" default-register-method="mobile"/>
		<country site-id="5" name-zh="尼日利亚" name-en="Nigeria" iso-2code="NG" tel-code="234" mcc="621" sms="1" default-register-method="mobile"/>
		<country site-id="7" name-zh="挪威" name-en="Norway" iso-2code="NO" tel-code="47" mcc="242" sms="1" child-age="13" register-cfg="{'marketing-agr-position':'1','name-display':'0','automatic-read-phone-number':'0','name-order':'0','guide-display':'1'}" membership="1"/>
		<country site-id="5" name-zh="巴基斯坦" name-en="Pakistan" iso-2code="PK" tel-code="92" mcc="410" sms="1"/>
		<country site-id="5" name-zh="巴勒斯坦" name-en="Palestine" iso-2code="PS" tel-code="970" mcc="425" sms="1" default-register-method="mobile"/>
		<country site-id="5" name-zh="巴布亚新几内亚" name-en="Papua New Guinea" iso-2code="PG" tel-code="675" mcc="537" sms="1" default-register-method="mobile" membership="1"/>
		<country site-id="5" name-zh="巴拉圭" name-en="Paraguay" iso-2code="PY" tel-code="595" mcc="744" sms="1" default-register-method="mobile"/>
		<country site-id="5" name-zh="菲律宾" name-en="Philippines" iso-2code="PH" tel-code="63" mcc="515" sms="1" child-age="18" youth-age="18" default-register-method="mobile" membership="1"/>
		<country site-id="7" name-zh="葡萄牙" name-en="Portugal" iso-2code="PT" tel-code="351" mcc="268" sms="1"  register-cfg="{'marketing-agr-position':'1','name-display':'0','automatic-read-phone-number':'0','name-order':'0','guide-display':'1'}" membership="1"/>
		<country site-id="5" name-zh="波多黎各" name-en="Puerto Rico" iso-2code="PR" tel-code="1787,1939" mcc="330" sms="0" default-register-method="mobile"/>
		<country site-id="5" name-zh="留尼汪" name-en="Reunion" iso-2code="RE" tel-code="262" mcc="647" sms="0" default-register-method="mobile"/>
		<country site-id="5" name-zh="卢旺达" name-en="Rwanda" iso-2code="RW" tel-code="250" mcc="635" sms="1" default-register-method="mobile"/>
		<country site-id="5" name-zh="圣卢西亚" name-en="Saint Lucia" iso-2code="LC" tel-code="1758" mcc="358" sms="0" default-register-method="mobile"/>
		<country site-id="7" name-zh="圣马力诺" name-en="San Marino" iso-2code="SM" tel-code="378" mcc="292" sms="1"  register-cfg="{'marketing-agr-position':'1','name-display':'0','automatic-read-phone-number':'0','name-order':'0','guide-display':'1'}"/>
		<country site-id="5" name-zh="圣多美和普林西比" name-en="Sao Tome and Principe" iso-2code="ST" tel-code="239" mcc="626" sms="0" default-register-method="mobile"/>
		<country site-id="5" name-zh="A11" name-en="A11" iso-2code="SA" tel-code="966" mcc="420" sms="1" default-register-method="mobile" membership="1"/>
		<country site-id="5" name-zh="塞内加尔" name-en="Senegal" iso-2code="SN" tel-code="221" mcc="608" sms="1" default-register-method="mobile"/>
		<country site-id="5" name-zh="塞舌尔" name-en="Seychelles" iso-2code="SC" tel-code="248" mcc="633" sms="1" default-register-method="mobile"/>
		<country site-id="5" name-zh="塞拉利昂" name-en="Sierra Leone" iso-2code="SL" tel-code="232" mcc="619" sms="1" default-register-method="mobile"/>
		<country site-id="5" name-zh="新加坡" name-en="Singapore" iso-2code="SG" tel-code="65" mcc="525" sms="1" default-register-method="mobile" membership="1"/>
		<country site-id="7" name-zh="斯洛文尼亚" name-en="Slovenia" iso-2code="SI" tel-code="386" mcc="293" sms="1" child-age="14"  register-cfg="{'marketing-agr-position':'1','name-display':'0','automatic-read-phone-number':'0','name-order':'0','guide-display':'1'}" membership="1"/>
		<country site-id="5" name-zh="所罗门群岛" name-en="Solomon Islands" iso-2code="SB" tel-code="677" mcc="540" sms="1" default-register-method="mobile" membership="1"/>
		<country site-id="5" name-zh="索马里" name-en="Somalia" iso-2code="SO" tel-code="252" mcc="637" sms="1" default-register-method="mobile"/>
		<country site-id="5" name-zh="斯里兰卡" name-en="Sri Lanka" iso-2code="LK" tel-code="94" mcc="413" sms="1" membership="1"/>
		<country site-id="5" name-zh="A5" name-en="A5" iso-2code="SD" tel-code="249" mcc="634" sms="1" personal-data-copy="0" child-manager="0" register="0" hc-change="0" mobile="0"/>
		<country site-id="5" name-zh="苏里南" name-en="Suriname" iso-2code="SR" tel-code="597" mcc="746" sms="1" default-register-method="mobile"/>
		<country site-id="5" name-zh="斯威士兰" name-en="Eswatini" iso-2code="SZ" tel-code="268" mcc="653" sms="1" default-register-method="mobile"/>
		<country site-id="7" name-zh="瑞典" name-en="Sweden" iso-2code="SE" tel-code="46" mcc="240" sms="1" child-age="13"  register-cfg="{'marketing-agr-position':'1','name-display':'0','automatic-read-phone-number':'0','name-order':'0','guide-display':'1'}" membership="1"/>
		<country site-id="7" name-zh="瑞士" name-en="Switzerland" iso-2code="CH" tel-code="41" mcc="228" sms="1"  register-cfg="{'marketing-agr-position':'1','name-display':'0','automatic-read-phone-number':'0','name-order':'0','guide-display':'1'}" membership="1"/>
		<country site-id="5" name-zh="A7" name-en="A7" iso-2code="SY" tel-code="963" mcc="417" sms="0" personal-data-copy="0" child-manager="0" register="0" hc-change="0" mobile="0"/>
		<country site-id="5" name-zh="中国台湾" name-en="Taiwan" iso-2code="TW" tel-code="886" mcc="466" sms="1" default-register-method="mobile" membership="1"/>
		<country site-id="5" name-zh="坦桑尼亚" name-en="Tanzania" iso-2code="TZ" tel-code="255" mcc="640" sms="1" default-register-method="mobile"/>
		<country site-id="5" name-zh="泰国" name-en="Thailand" iso-2code="TH" tel-code="66" mcc="520" sms="1" default-register-method="mobile" membership="1"/>
		<country site-id="5" name-zh="多哥" name-en="Togo" iso-2code="TG" tel-code="228" mcc="615" sms="1" default-register-method="mobile"/>
		<country site-id="5" name-zh="汤加" name-en="Tonga" iso-2code="TO" tel-code="676" mcc="539" sms="1" default-register-method="mobile" membership="1"/>
		<country site-id="5" name-zh="特立尼达和多巴哥" name-en="Trinidad and Tobago" iso-2code="TT" tel-code="1868" mcc="374" sms="1" default-register-method="mobile"/>
		<country site-id="5" name-zh="突尼斯" name-en="Tunisia" iso-2code="TN" tel-code="216" mcc="605" sms="1" default-register-method="mobile"/>
		<country site-id="5" name-zh="乌干达" name-en="Uganda" iso-2code="UG" tel-code="256" mcc="641" sms="1" default-register-method="mobile"/>
		<country site-id="7" name-zh="美国" name-en="United States" iso-2code="US" tel-code="1" mcc="310,311,312,313,314,315,316" sms="1" register="0" unregister="0"/>
		<country site-id="5" name-zh="乌拉圭" name-en="Uruguay" iso-2code="UY" tel-code="598" mcc="748" sms="1" default-register-method="mobile"/>
		<country site-id="7" name-zh="梵蒂冈" name-en="Vatican" iso-2code="VA" tel-code="379" mcc="225" sms="1"  register-cfg="{'marketing-agr-position':'1','name-display':'0','automatic-read-phone-number':'0','name-order':'0','guide-display':'1'}"/>
		<country site-id="5" name-zh="委内瑞拉" name-en="Venezuela" iso-2code="VE" tel-code="58" mcc="734" sms="1" default-register-method="mobile"/>
		<country site-id="5" name-zh="越南" name-en="Vietnam" iso-2code="VN" tel-code="84" mcc="452" sms="1" default-register-method="email" membership="1" mobile="1"/>
		<country site-id="5" name-zh="英属维尔京群岛" name-en="Virgin Is.(UK)" iso-2code="VG" tel-code="1284" mcc="348" sms="0" default-register-method="mobile"/>
		<country site-id="5" name-zh="赞比亚" name-en="Zambia" iso-2code="ZM" tel-code="260" mcc="645" sms="1" default-register-method="mobile"/>
		<country site-id="5" name-zh="津巴布韦" name-en="Zimbabwe" iso-2code="ZW" tel-code="263" mcc="648" sms="1" default-register-method="mobile"/>
		<country site-id="5" name-zh="摩洛哥" name-en="Morocco" iso-2code="MA" tel-code="212" mcc="604" sms="1" default-register-method="mobile"/>
		<country site-id="7" name-zh="加拿大" name-en="Canada" iso-2code="CA" tel-code="1" mcc="302" sms="1" register-cfg="{'marketing-agr-position':'1','name-display':'0','automatic-read-phone-number':'0','name-order':'0','guide-display':'1'}"/>
	</country-list>
	<site-list domain="{'as':'hnid-drcn.platform.hihonorcloud.com', 'cas':'hnid-drcn.cloud.hihonor.com', 'oauth':'login.platform.hihonorcloud.com', 'tms':'www.hihonor.com','qrs':'hnid.cloud.hihonor.com','oauth':'login.platform.hihonorcloud.com','res':'api.platform.hihonorcloud.com','log':'hnid.platform.hihonorcloud.com','idverify':'hnid.cloud.hihonor.com','geeapi':'api.geetest.com','geestatic':'static.geetest.com','privacycenter':'privacycenter.hihonor.com','logout':'accountcenter.hihonor.com','qrauth':'hnid.hihonor.com'}">
		<site id="1" name-zh="中国大陆" name-en="China" sms-cross-sites="5,7,8" domain="{'as':'hnid-drcn.platform.hihonorcloud.com', 'cas':'hnid-drcn.cloud.hihonor.com', 'oauth':'login.platform.hihonorcloud.com', 'tms':'www.hihonor.com', 'qrs':'hnid-drcn.cloud.hihonor.com', 'realname':'realname-drcn.platform.dbankcloud.com'}" child-age="14" youth-age="18" register="1" unregister="1" mobile="1" personal-data-copy="0" child-manager="1" hc-change="1" register-bind-security-mobile="1" default-register-method="mobile" sns="1" shipping-address="1" shipping-address-v2="1" quick-login="0" wise-device-support="1" emergency-num-min-count="1" device-detail-data-protect-v3="1" membership="1"  trustcircle-support="1"  register-join-trustcircle="1" login-join-trustcircle="1" forgot-pwd-trustcircle="1" trustcircle-security-code="1" register-cfg="{'marketing-agr-position':'0','name-display':'0','automatic-read-phone-number':'1','name-order':'0','guide-display':'1'}" heart-beat-support="1"/>
		<site id="3" name-zh="中国北京" name-en="Beijing" domain="{'cas':'id3.cloud.hihonor.com', 'tms':'www.hihonor.com', 'qrs':'id3.cloud.hihonor.com'}" child-age="13" youth-age="18" register="0" unregister="1" mobile="0" personal-data-copy="0" child-manager="0" hc-change="0" register-bind-security-mobile="0" default-register-method="email"  sns="0" shipping-address="0" shipping-address-v2="0" wise-device-support="0" emergency-num-min-count="1" device-detail-data-protect-v3="0" membership="0" register-cfg="{'marketing-agr-position':'0','name-display':'0','automatic-read-phone-number':'0','name-order':'0','guide-display':'1'}"/>
		<site id="5" name-zh="新加坡" sms-cross-sites="1,7,8" name-en="Singapore" domain="{'as':'hnid-dra.platform.hihonorcloud.com','cas':'hnid-dra.cloud.hihonor.com', 'oauth':'hnoauth-login-dra.cloud.hihonor.com', 'tms':'www.hihonor.com', 'qrs':'id5.cloud.hihonor.com'}" child-age="16" youth-age="18" register="1" unregister="1" mobile="1" personal-data-copy="1" child-manager="1" hc-change="1" register-bind-security-mobile="1" default-register-method="email" sns="0" shipping-address="0" shipping-address-v2="1" wise-device-support="0" emergency-num-min-count="1" device-detail-data-protect-v3="0" membership="0" register-cfg="{'marketing-agr-position':'0','name-display':'0','automatic-read-phone-number':'0','name-order':'0','guide-display':'1'}"/>
		<site id="7" name-zh="欧洲" sms-cross-sites="1,5,8" name-en="Europe" domain="{'as':'hnid-dre.platform.hihonorcloud.com', 'cas':'hnid-dre.cloud.hihonor.com', 'oauth':'hnoauth-login-dre.cloud.hihonor.com', 'tms':'www.hihonor.com',  'qrs':'id7.cloud.hihonor.com'}" child-age="16" youth-age="18" register="1" unregister="1" mobile="1" personal-data-copy="1" child-manager="1" hc-change="1" register-bind-security-mobile="1" default-register-method="email" sns="0" shipping-address="0" shipping-address-v2="1" wise-device-support="0" emergency-num-min-count="1" device-detail-data-protect-v3="0" membership="0" register-cfg="{'marketing-agr-position':'0','name-display':'0','automatic-read-phone-number':'0','name-order':'0','guide-display':'1'}"/>
		<site id="8" name-zh="俄罗斯" sms-cross-sites="1,5,7" name-en="Russia" domain="{'as':'hnid-drru.platform.hihonorcloud.com', 'cas':'hnid-drru.cloud.hihonor.com', 'oauth':'hnoauth-login-drru.cloud.hihonor.com', 'tms':'www.hihonor.com', 'qrs':'id8.cloud.hihonor.com'}" child-age="18" youth-age="18" register="1" unregister="1" mobile="1" personal-data-copy="1" child-manager="1" hc-change="1" register-bind-security-mobile="0" default-register-method="email" sns="0" shipping-address="0" shipping-address-v2="1" wise-device-support="0" emergency-num-min-count="1" device-detail-data-protect-v3="0" membership="0" register-cfg="{'marketing-agr-position':'0','name-display':'0','automatic-read-phone-number':'0','name-order':'0','guide-display':'1'}"/>
	</site-list>
	<site-list-test domain="{'as':'hnidtest-drcn.cloud.hihonor.com', 'cas':'hnidtest-drcn.cloud.hihonor.com', 'oauth':'hnidtest-drcn.cloud.hihonor.com', 'tms':'www.hihonor.com','qrs':'hnidtest-drcn.cloud.hihonor.com','oauth':'login.platform.hihonorcloud.com','res':'api.platform.hihonorcloud.com','log':'hnid.platform.hihonorcloud.com','idverify':'hnid.cloud.hihonor.com','geeapi':'api.geetest.com','geestatic':'static.geetest.com','privacycenter':'privacycenter.hihonor.com','logout':'accountcenter.hihonor.com','qrauth':'hnid.hihonor.com'}">
		<site-test id="1" name-zh="中国大陆" name-en="China" sms-cross-sites="5,7,8" domain="{'as':'hnidtest-drcn.cloud.hihonor.com', 'cas':'hnidtest-drcn.cloud.hihonor.com', 'oauth':'hnidtest-drcn.cloud.hihonor.com', 'tms':'www.hihonor.com', 'qrs':'hnid-drcn.cloud.hihonor.com', 'realname':'realname-drcn.platform.dbankcloud.com'}" child-age="14" youth-age="18" register="1" unregister="1" mobile="1" personal-data-copy="0" child-manager="1" hc-change="1" register-bind-security-mobile="1" default-register-method="mobile" sns="1" shipping-address="1" shipping-address-v2="1" quick-login="0" wise-device-support="1" emergency-num-min-count="1" device-detail-data-protect-v3="1" membership="1" trustcircle-support="1" register-join-trustcircle="1" login-join-trustcircle="1" forgot-pwd-trustcircle="1" trustcircle-security-code="1" register-cfg="{'marketing-agr-position':'0','name-display':'0','automatic-read-phone-number':'1','name-order':'0','guide-display':'1'}" heart-beat-support="1"/>
		<site-test id="3" name-zh="中国北京" name-en="Beijing" domain="{'cas':'id3.cloud.hihonor.com', 'tms':'www.hihonor.com', 'qrs':'id3.cloud.hihonor.com'}" child-age="13" youth-age="18" register="0" unregister="1" mobile="0" personal-data-copy="0" child-manager="0" hc-change="0" register-bind-security-mobile="0" default-register-method="email"  sns="0" shipping-address="0" shipping-address-v2="0" wise-device-support="0" emergency-num-min-count="1" device-detail-data-protect-v3="0" membership="0" register-cfg="{'marketing-agr-position':'0','name-display':'0','automatic-read-phone-number':'0','name-order':'0','guide-display':'1'}"/>
		<site-test id="5" name-zh="新加坡" sms-cross-sites="1,7,8" name-en="Singapore" domain="{'as':'hnidtest-dra.hihonorcloud.com','cas':'hnidtest-dra.cloud.hihonor.com', 'oauth':'hnidtest-dra.cloud.hihonor.com', 'tms':'www.hihonor.com',  'qrs':'id5.cloud.hihonor.com'}" child-age="16" youth-age="18" register="1" unregister="1" mobile="1" personal-data-copy="1" child-manager="1" hc-change="1" register-bind-security-mobile="0" default-register-method="email" sns="0" shipping-address="0" shipping-address-v2="1" wise-device-support="0" emergency-num-min-count="1" device-detail-data-protect-v3="0" membership="0" register-cfg="{'marketing-agr-position':'0','name-display':'0','automatic-read-phone-number':'0','name-order':'0','guide-display':'1'}"/>
		<site-test id="7" name-zh="欧洲" sms-cross-sites="1,5,8" name-en="Europe" domain="{'as':'hnidtest-dre.hihonorcloud.com', 'cas':'hnidtest-dre.cloud.hihonor.com', 'oauth':'hnidtest-dre.cloud.hihonor.com', 'tms':'www.hihonor.com',  'qrs':'id7.cloud.hihonor.com'}" child-age="16" youth-age="18" register="1" unregister="1" mobile="1" personal-data-copy="1" child-manager="1" hc-change="1" register-bind-security-mobile="1" default-register-method="email" sns="0" shipping-address="0" shipping-address-v2="1" wise-device-support="0" emergency-num-min-count="1" device-detail-data-protect-v3="0" membership="0" register-cfg="{'marketing-agr-position':'0','name-display':'0','automatic-read-phone-number':'0','name-order':'0','guide-display':'1'}"/>
		<site-test id="8" name-zh="俄罗斯" sms-cross-sites="1,5,7" name-en="Russia" domain="{'as':'hnidtest-drru.hihonorcloud.com', 'cas':'hnidtest-drru.cloud.hihonor.com', 'oauth':'hnidtest-drru.cloud.hihonor.com', 'tms':'www.hihonor.com', 'qrs':'id8.cloud.hihonor.com'}" child-age="13" youth-age="18" register="1" unregister="1" mobile="1" personal-data-copy="1" child-manager="1" hc-change="1" register-bind-security-mobile="0" default-register-method="email" sns="0" shipping-address="0" shipping-address-v2="1" wise-device-support="0" emergency-num-min-count="1" device-detail-data-protect-v3="0" membership="0" register-cfg="{'marketing-agr-position':'0','name-display':'0','automatic-read-phone-number':'0','name-order':'0','guide-display':'1'}"/>
	</site-list-test>
	<site-list-dev domain="{'as':'hniddev-drcn.cloud.hihonor.com', 'cas':'hniddev-drcn.cloud.hihonor.com', 'oauth':'hniddev-drcn.cloud.hihonor.com', 'tms':'www.hihonor.com','qrs':'hniddev-drcn.cloud.hihonor.com','oauth':'login.platform.hihonorcloud.com','res':'api.platform.hihonorcloud.com','log':'hnid.platform.hihonorcloud.com','idverify':'hnid.cloud.hihonor.com','geeapi':'api.geetest.com','geestatic':'static.geetest.com','privacycenter':'privacycenter.hihonor.com','logout':'accountcenter.hihonor.com','qrauth':'hnid.hihonor.com'}">
		<site-dev id="1" name-zh="中国大陆" name-en="China" sms-cross-sites="5,7,8" domain="{'as':'hniddev-drcn.cloud.hihonor.com', 'cas':'hniddev-drcn.cloud.hihonor.com', 'oauth':'hniddev-drcn.cloud.hihonor.com', 'tms':'www.hihonor.com', 'qrs':'hniddev-drcn.cloud.hihonor.com', 'realname':'realname-drcn.platform.dbankcloud.com'}" child-age="14" youth-age="18" register="1" unregister="1" mobile="1" personal-data-copy="0" child-manager="1" hc-change="1" register-bind-security-mobile="1" default-register-method="mobile" sns="1" shipping-address="1" shipping-address-v2="1" quick-login="0" wise-device-support="1" emergency-num-min-count="1" device-detail-data-protect-v3="1" membership="1" trustcircle-support="1" register-join-trustcircle="1" login-join-trustcircle="1" forgot-pwd-trustcircle="1" trustcircle-security-code="1" register-cfg="{'marketing-agr-position':'0','name-display':'0','automatic-read-phone-number':'1','name-order':'0','guide-display':'1'}" heart-beat-support="1"/>
		<site-dev id="3" name-zh="中国北京" name-en="Beijing" domain="{'cas':'id3.cloud.hihonor.com', 'tms':'www.hihonor.com', 'qrs':'id3.cloud.hihonor.com'}" child-age="13" youth-age="18" register="0" unregister="1" mobile="0" personal-data-copy="0" child-manager="0" hc-change="0" register-bind-security-mobile="0" default-register-method="email"  sns="0" shipping-address="0" shipping-address-v2="0" wise-device-support="0" emergency-num-min-count="1" device-detail-data-protect-v3="0" membership="0" register-cfg="{'marketing-agr-position':'0','name-display':'0','automatic-read-phone-number':'0','name-order':'0','guide-display':'1'}"/>
		<site-dev id="5" name-zh="新加坡" sms-cross-sites="1,7,8" name-en="Singapore" domain="{'as':'hnidtest-dra.hihonorcloud.com','cas':'hnidtest-dra.cloud.hihonor.com', 'oauth':'hnidtest-dra.cloud.hihonor.com', 'tms':'www.hihonor.com',  'qrs':'id5.cloud.hihonor.com'}" child-age="16" youth-age="18" register="1" unregister="1" mobile="1" personal-data-copy="1" child-manager="1" hc-change="1" register-bind-security-mobile="0" default-register-method="email" sns="0" shipping-address="0" shipping-address-v2="1" wise-device-support="0" emergency-num-min-count="1" device-detail-data-protect-v3="0" membership="0" register-cfg="{'marketing-agr-position':'0','name-display':'0','automatic-read-phone-number':'0','name-order':'0','guide-display':'1'}"/>
		<site-dev id="7" name-zh="欧洲" sms-cross-sites="1,5,8" name-en="Europe" domain="{'as':'hnidtest-dre.hihonorcloud.com', 'cas':'hnidtest-dre.cloud.hihonor.com', 'oauth':'hnidtest-dre.cloud.hihonor.com', 'tms':'www.hihonor.com',  'qrs':'id7.cloud.hihonor.com'}" child-age="16" youth-age="18" register="1" unregister="1" mobile="1" personal-data-copy="1" child-manager="1" hc-change="1" register-bind-security-mobile="1" default-register-method="email" sns="0" shipping-address="0" shipping-address-v2="1" wise-device-support="0" emergency-num-min-count="1" device-detail-data-protect-v3="0" membership="0" register-cfg="{'marketing-agr-position':'0','name-display':'0','automatic-read-phone-number':'0','name-order':'0','guide-display':'1'}"/>
		<site-dev id="8" name-zh="俄罗斯" sms-cross-sites="1,5,7" name-en="Russia" domain="{'as':'hnidtest-drru.hihonorcloud.com', 'cas':'hnidtest-drru.cloud.hihonor.com', 'oauth':'hnidtest-drru.cloud.hihonor.com', 'tms':'www.hihonor.com', 'qrs':'id8.cloud.hihonor.com'}" child-age="13" youth-age="18" register="1" unregister="1" mobile="1" personal-data-copy="1" child-manager="1" hc-change="1" register-bind-security-mobile="0" default-register-method="email" sns="0" shipping-address="0" shipping-address-v2="1" wise-device-support="0" emergency-num-min-count="1" device-detail-data-protect-v3="0" membership="0" register-cfg="{'marketing-agr-position':'0','name-display':'0','automatic-read-phone-number':'0','name-order':'0','guide-display':'1'}"/>
	</site-list-dev>
	<sms-key-list>
		<key cn="荣耀"/>
		<key hk="榮耀"/>
		<key en="hihonor"/>
		<key bo="རུང་ཡོའོ།"/>
		<key ug="روڭياۋ"/>
		<key tw="榮耀"/>
		<key ru="honor"/>
	</sms-key-list>
	<other deviceid3="1"/>
	<agreement-cfg>
		<agreement min-version-code="20601305" max-version-code="20604000">
			<agr-country-list>
				<agr-country site-id="7" name-zh="澳大利亚" name-en="Australia" iso-2code="AU" agreements="{'layout_id':'3','agreements':[{'id':'12','type':'notice','mandatory':'1', 'ver':'27030'},{'id':'0', 'type':'detail', 'mandatory':'1'},{'id':'2', 'type':'detail', 'mandatory':'1'},{'id':'13','type':'notice','mandatory':'1', 'ver':'27030'},{'id':'7', 'type':'detail', 'mandatory':'1'},{'id':'10','type':'notice','mandatory':'0','checked':'0', 'ver':'27030'},{'id':'16', 'type':'detail', 'mandatory':'1'},{'id':'17', 'type':'notice', 'mandatory':'1', 'ver':'27030'},{'id':'11', 'type':'notice', 'mandatory':'1', 'ver':'10004'}]}"/>
				<agr-country site-id="7" name-zh="新西兰" name-en="New Zealand" iso-2code="NZ" agreements="{'layout_id':'3','agreements':[{'id':'12','type':'notice','mandatory':'1', 'ver':'27030'},{'id':'0', 'type':'detail', 'mandatory':'1'},{'id':'2', 'type':'detail', 'mandatory':'1'},{'id':'13','type':'notice','mandatory':'1', 'ver':'27030'},{'id':'7', 'type':'detail', 'mandatory':'1'},{'id':'10','type':'notice','mandatory':'0','checked':'0', 'ver':'27030'},{'id':'16', 'type':'detail', 'mandatory':'1'},{'id':'17', 'type':'notice', 'mandatory':'1', 'ver':'27030'},{'id':'11', 'type':'notice', 'mandatory':'1', 'ver':'10004'}]}"/>
				<agr-country site-id="5" name-zh="菲律宾" name-en="Philippines" iso-2code="PH" agreements="{'layout_id':'3','agreements':[{'id':'12','type':'notice','mandatory':'1', 'ver':'27030'},{'id':'0', 'type':'detail', 'mandatory':'1'},{'id':'2', 'type':'detail', 'mandatory':'1'},{'id':'13','type':'notice','mandatory':'1', 'ver':'27030'},{'id':'7', 'type':'detail', 'mandatory':'1'},{'id':'10','type':'notice','mandatory':'0','checked':'0', 'ver':'27030'},{'id':'16', 'type':'detail', 'mandatory':'1'},{'id':'17', 'type':'notice', 'mandatory':'1', 'ver':'27030'},{'id':'11', 'type':'notice', 'mandatory':'1', 'ver':'10004'}]}"/>
				<agr-country site-id="5" name-zh="A5" name-en="A5" iso-2code="SD" agreements="{'layout_id':'2','agreements':[{'id':'12','type':'notice','mandatory':'1', 'ver':'10004'},{'id':'0', 'type':'detail', 'mandatory':'1'},{'id':'2', 'type':'detail', 'mandatory':'1'}]}"/>
				<agr-country site-id="5" name-zh="A6" name-en="A6" iso-2code="CU" agreements="{'layout_id':'2','agreements':[{'id':'12','type':'notice','mandatory':'1', 'ver':'10004'},{'id':'0', 'type':'detail', 'mandatory':'1'},{'id':'2', 'type':'detail', 'mandatory':'1'}]}"/>
				<agr-country site-id="5" name-zh="A7" name-en="A7" iso-2code="SY" agreements="{'layout_id':'2','agreements':[{'id':'12','type':'notice','mandatory':'1', 'ver':'10004'},{'id':'0', 'type':'detail', 'mandatory':'1'},{'id':'2', 'type':'detail', 'mandatory':'1'}]}"/>
				<agr-country site-id="5" name-zh="A5" name-en="A5" iso-2code="sd" agreements="{'layout_id':'2','agreements':[{'id':'12','type':'notice','mandatory':'1', 'ver':'10004'},{'id':'0', 'type':'detail', 'mandatory':'1'},{'id':'2', 'type':'detail', 'mandatory':'1'}]}"/>
				<agr-country site-id="5" name-zh="A6" name-en="A6" iso-2code="cu" agreements="{'layout_id':'2','agreements':[{'id':'12','type':'notice','mandatory':'1', 'ver':'10004'},{'id':'0', 'type':'detail', 'mandatory':'1'},{'id':'2', 'type':'detail', 'mandatory':'1'}]}"/>
				<agr-country site-id="5" name-zh="A7" name-en="A7" iso-2code="sy" agreements="{'layout_id':'2','agreements':[{'id':'12','type':'notice','mandatory':'1', 'ver':'10004'},{'id':'0', 'type':'detail', 'mandatory':'1'},{'id':'2', 'type':'detail', 'mandatory':'1'}]}"/>
			</agr-country-list>
			<agr-site-list>
				<agr-site id="1" name-en="China" name-zh="中国大陆" agreements="{'layout_id':'1','agreements':[{'id':'12','type':'notice','mandatory':'1', 'ver':'12011'},{'id':'0', 'type':'detail', 'mandatory':'1'},{'id':'2', 'type':'detail', 'mandatory':'1'},{'id':'16', 'type':'detail', 'mandatory':'1'}]}"/>
				<agr-site id="3" name-en="Beijing" name-zh="中国北京" agreements="{'layout_id':'2','agreements':[{'id':'12','type':'notice','mandatory':'1', 'ver':'10004'},{'id':'0', 'type':'detail', 'mandatory':'1'},{'id':'2', 'type':'detail', 'mandatory':'1'}]}"/>
				<agr-site id="5" name-en="Singapore" name-zh="新加坡" agreements="{'layout_id':'3','agreements':[{'id':'12','type':'notice','mandatory':'1', 'ver':'27030'},{'id':'0', 'type':'detail', 'mandatory':'1'},{'id':'2', 'type':'detail', 'mandatory':'1'},{'id':'13','type':'notice','mandatory':'1', 'ver':'27030'},{'id':'7', 'type':'detail', 'mandatory':'1'},{'id':'10','type':'notice','mandatory':'0','checked':'0', 'ver':'27030'},{'id':'16', 'type':'detail', 'mandatory':'1'},{'id':'17', 'type':'notice', 'mandatory':'1', 'ver':'27030'}]}"/>
				<agr-site id="7" name-en="Europe" name-zh="欧洲" agreements="{'layout_id':'3','agreements':[{'id':'12','type':'notice','mandatory':'1', 'ver':'27030'},{'id':'0', 'type':'detail', 'mandatory':'1'},{'id':'2', 'type':'detail', 'mandatory':'1'},{'id':'13','type':'notice','mandatory':'1', 'ver':'27030'},{'id':'7', 'type':'detail', 'mandatory':'1'},{'id':'10','type':'notice','mandatory':'0','checked':'0', 'ver':'27030'},{'id':'16', 'type':'detail', 'mandatory':'1'},{'id':'17', 'type':'notice', 'mandatory':'1', 'ver':'27030'}]}"/>
				<agr-site id="8" name-en="Russia" name-zh="俄罗斯" agreements="{'layout_id':'2','agreements':[{'id':'12','type':'notice','mandatory':'1', 'ver':'10004'},{'id':'0', 'type':'detail', 'mandatory':'1'},{'id':'2', 'type':'detail', 'mandatory':'1'}]}"/>
			</agr-site-list>
		</agreement>
		<agreement min-version-code="20604001" max-version-code="20605000">
			<agr-country-list>
				<agr-country site-id="7" name-zh="澳大利亚" name-en="Australia" iso-2code="AU" agreements="{'layout_id':'3','agreements':[{'id':'12','type':'notice','mandatory':'1', 'ver':'27030'},{'id':'0', 'type':'detail', 'mandatory':'1'},{'id':'2', 'type':'detail', 'mandatory':'1'},{'id':'13','type':'notice','mandatory':'1', 'ver':'27030'},{'id':'7', 'type':'detail', 'mandatory':'1'},{'id':'10','type':'notice','mandatory':'0','checked':'0', 'ver':'27030'},{'id':'16', 'type':'detail', 'mandatory':'1'},{'id':'17', 'type':'notice', 'mandatory':'1', 'ver':'27030'},{'id':'11', 'type':'notice', 'mandatory':'1', 'ver':'10004'}]}"/>
				<agr-country site-id="7" name-zh="新西兰" name-en="New Zealand" iso-2code="NZ" agreements="{'layout_id':'3','agreements':[{'id':'12','type':'notice','mandatory':'1', 'ver':'27030'},{'id':'0', 'type':'detail', 'mandatory':'1'},{'id':'2', 'type':'detail', 'mandatory':'1'},{'id':'13','type':'notice','mandatory':'1', 'ver':'27030'},{'id':'7', 'type':'detail', 'mandatory':'1'},{'id':'10','type':'notice','mandatory':'0','checked':'0', 'ver':'27030'},{'id':'16', 'type':'detail', 'mandatory':'1'},{'id':'17', 'type':'notice', 'mandatory':'1', 'ver':'27030'},{'id':'11', 'type':'notice', 'mandatory':'1', 'ver':'10004'}]}"/>
				<agr-country site-id="5" name-zh="菲律宾" name-en="Philippines" iso-2code="PH" agreements="{'layout_id':'3','agreements':[{'id':'12','type':'notice','mandatory':'1', 'ver':'27030'},{'id':'0', 'type':'detail', 'mandatory':'1'},{'id':'2', 'type':'detail', 'mandatory':'1'},{'id':'13','type':'notice','mandatory':'1', 'ver':'27030'},{'id':'7', 'type':'detail', 'mandatory':'1'},{'id':'10','type':'notice','mandatory':'0','checked':'0', 'ver':'27030'},{'id':'16', 'type':'detail', 'mandatory':'1'},{'id':'17', 'type':'notice', 'mandatory':'1', 'ver':'27030'},{'id':'11', 'type':'notice', 'mandatory':'1', 'ver':'10004'}]}"/>
				<agr-country site-id="5" name-zh="A5" name-en="A5" iso-2code="SD" agreements="{'layout_id':'2','agreements':[{'id':'12','type':'notice','mandatory':'1', 'ver':'10004'},{'id':'0', 'type':'detail', 'mandatory':'1'},{'id':'2', 'type':'detail', 'mandatory':'1'}]}"/>
				<agr-country site-id="5" name-zh="A6" name-en="A6" iso-2code="CU" agreements="{'layout_id':'2','agreements':[{'id':'12','type':'notice','mandatory':'1', 'ver':'10004'},{'id':'0', 'type':'detail', 'mandatory':'1'},{'id':'2', 'type':'detail', 'mandatory':'1'}]}"/>
				<agr-country site-id="5" name-zh="A7" name-en="A7" iso-2code="SY" agreements="{'layout_id':'2','agreements':[{'id':'12','type':'notice','mandatory':'1', 'ver':'10004'},{'id':'0', 'type':'detail', 'mandatory':'1'},{'id':'2', 'type':'detail', 'mandatory':'1'}]}"/>
			</agr-country-list>
			<agr-site-list>
				<agr-site id="1" name-en="China" name-zh="中国大陆" agreements="{'layout_id':'1','agreements':[{'id':'12','type':'notice','mandatory':'1', 'ver':'12011'},{'id':'0', 'type':'detail', 'mandatory':'1'},{'id':'2', 'type':'detail', 'mandatory':'1'},{'id':'16', 'type':'detail', 'mandatory':'1'}]}"/>
				<agr-site id="3" name-en="Beijing" name-zh="中国北京" agreements="{'layout_id':'2','agreements':[{'id':'12','type':'notice','mandatory':'1', 'ver':'10004'},{'id':'0', 'type':'detail', 'mandatory':'1'},{'id':'2', 'type':'detail', 'mandatory':'1'}]}"/>
				<agr-site id="5" name-en="Singapore" name-zh="新加坡" agreements="{'layout_id':'3','agreements':[{'id':'12','type':'notice','mandatory':'1', 'ver':'27030'},{'id':'0', 'type':'detail', 'mandatory':'1'},{'id':'2', 'type':'detail', 'mandatory':'1'},{'id':'13','type':'notice','mandatory':'1', 'ver':'27030'},{'id':'7', 'type':'detail', 'mandatory':'1'},{'id':'10','type':'notice','mandatory':'0','checked':'0', 'ver':'27030'},{'id':'16', 'type':'detail', 'mandatory':'1'},{'id':'17', 'type':'notice', 'mandatory':'1', 'ver':'27030'}]}"/>
				<agr-site id="7" name-en="Europe" name-zh="欧洲" agreements="{'layout_id':'3','agreements':[{'id':'12','type':'notice','mandatory':'1', 'ver':'27030'},{'id':'0', 'type':'detail', 'mandatory':'1'},{'id':'2', 'type':'detail', 'mandatory':'1'},{'id':'13','type':'notice','mandatory':'1', 'ver':'27030'},{'id':'7', 'type':'detail', 'mandatory':'1'},{'id':'10','type':'notice','mandatory':'0','checked':'0', 'ver':'27030'},{'id':'16', 'type':'detail', 'mandatory':'1'},{'id':'17', 'type':'notice', 'mandatory':'1', 'ver':'27030'}]}"/>
				<agr-site id="8" name-en="Russia" name-zh="俄罗斯" agreements="{'layout_id':'3','agreements':[{'id':'12','type':'notice','mandatory':'1', 'ver':'27030'},{'id':'0', 'type':'detail', 'mandatory':'1'},{'id':'2', 'type':'detail', 'mandatory':'1'},{'id':'13','type':'notice','mandatory':'1', 'ver':'27030'},{'id':'7', 'type':'detail', 'mandatory':'1'},{'id':'10','type':'notice','mandatory':'0','checked':'0', 'ver':'27030'},{'id':'16', 'type':'detail', 'mandatory':'1'},{'id':'17', 'type':'notice', 'mandatory':'1', 'ver':'27030'}]}"/>
			</agr-site-list>
		</agreement>
		<agreement min-version-code="20605001" max-version-code="20700000">
			<agr-country-list>
				<agr-country site-id="7" name-zh="澳大利亚" name-en="Australia" iso-2code="AU" agreements="{'layout_id':'3','agreements':[{'id':'12','type':'notice','mandatory':'1', 'ver':'27030'},{'id':'0', 'type':'detail', 'mandatory':'1'},{'id':'2', 'type':'detail', 'mandatory':'1'},{'id':'13','type':'notice','mandatory':'1', 'ver':'27030'},{'id':'7', 'type':'detail', 'mandatory':'1'},{'id':'10','type':'notice','mandatory':'0','checked':'0', 'ver':'27030'},{'id':'16', 'type':'detail', 'mandatory':'1'},{'id':'17', 'type':'notice', 'mandatory':'1', 'ver':'27030'},{'id':'11', 'type':'notice', 'mandatory':'1', 'ver':'10004'}]}"/>
				<agr-country site-id="7" name-zh="新西兰" name-en="New Zealand" iso-2code="NZ" agreements="{'layout_id':'3','agreements':[{'id':'12','type':'notice','mandatory':'1', 'ver':'27030'},{'id':'0', 'type':'detail', 'mandatory':'1'},{'id':'2', 'type':'detail', 'mandatory':'1'},{'id':'13','type':'notice','mandatory':'1', 'ver':'27030'},{'id':'7', 'type':'detail', 'mandatory':'1'},{'id':'10','type':'notice','mandatory':'0','checked':'0', 'ver':'27030'},{'id':'16', 'type':'detail', 'mandatory':'1'},{'id':'17', 'type':'notice', 'mandatory':'1', 'ver':'27030'},{'id':'11', 'type':'notice', 'mandatory':'1', 'ver':'10004'}]}"/>
				<agr-country site-id="5" name-zh="菲律宾" name-en="Philippines" iso-2code="PH" agreements="{'layout_id':'3','agreements':[{'id':'12','type':'notice','mandatory':'1', 'ver':'27030'},{'id':'0', 'type':'detail', 'mandatory':'1'},{'id':'2', 'type':'detail', 'mandatory':'1'},{'id':'13','type':'notice','mandatory':'1', 'ver':'27030'},{'id':'7', 'type':'detail', 'mandatory':'1'},{'id':'10','type':'notice','mandatory':'0','checked':'0', 'ver':'27030'},{'id':'16', 'type':'detail', 'mandatory':'1'},{'id':'17', 'type':'notice', 'mandatory':'1', 'ver':'27030'},{'id':'11', 'type':'notice', 'mandatory':'1', 'ver':'10004'}]}"/>
				<agr-country site-id="5" name-zh="A5" name-en="A5" iso-2code="SD" agreements="{'layout_id':'2','agreements':[{'id':'12','type':'notice','mandatory':'1', 'ver':'10004'},{'id':'0', 'type':'detail', 'mandatory':'1'},{'id':'2', 'type':'detail', 'mandatory':'1'}]}"/>
				<agr-country site-id="5" name-zh="A6" name-en="A6" iso-2code="CU" agreements="{'layout_id':'2','agreements':[{'id':'12','type':'notice','mandatory':'1', 'ver':'10004'},{'id':'0', 'type':'detail', 'mandatory':'1'},{'id':'2', 'type':'detail', 'mandatory':'1'}]}"/>
				<agr-country site-id="5" name-zh="A7" name-en="A7" iso-2code="SY" agreements="{'layout_id':'2','agreements':[{'id':'12','type':'notice','mandatory':'1', 'ver':'10004'},{'id':'0', 'type':'detail', 'mandatory':'1'},{'id':'2', 'type':'detail', 'mandatory':'1'}]}"/>
			</agr-country-list>
			<agr-site-list>
				<agr-site id="1" name-en="China" name-zh="中国大陆" agreements="{'layout_id':'1','agreements':[{'id':'12','type':'notice','mandatory':'1', 'ver':'26500'},{'id':'0', 'type':'detail', 'mandatory':'1'},{'id':'2', 'type':'detail', 'mandatory':'1'},{'id':'13','type':'notice','mandatory':'1', 'ver':'26500'},{'id':'7', 'type':'detail', 'mandatory':'1'},{'id':'10','type':'notice','mandatory':'0','checked':'1', 'ver':'26500'},{'id':'16', 'type':'detail', 'mandatory':'1'}]}"/>
				<agr-site id="3" name-en="Beijing" name-zh="中国北京" agreements="{'layout_id':'2','agreements':[{'id':'12','type':'notice','mandatory':'1', 'ver':'10004'},{'id':'0', 'type':'detail', 'mandatory':'1'},{'id':'2', 'type':'detail', 'mandatory':'1'}]}"/>
				<agr-site id="5" name-en="Singapore" name-zh="新加坡" agreements="{'layout_id':'3','agreements':[{'id':'12','type':'notice','mandatory':'1', 'ver':'27030'},{'id':'0', 'type':'detail', 'mandatory':'1'},{'id':'2', 'type':'detail', 'mandatory':'1'},{'id':'13','type':'notice','mandatory':'1', 'ver':'27030'},{'id':'7', 'type':'detail', 'mandatory':'1'},{'id':'10','type':'notice','mandatory':'0','checked':'0', 'ver':'27030'},{'id':'16', 'type':'detail', 'mandatory':'1'},{'id':'17', 'type':'notice', 'mandatory':'1', 'ver':'27030'}]}"/>
				<agr-site id="7" name-en="Europe" name-zh="欧洲" agreements="{'layout_id':'3','agreements':[{'id':'12','type':'notice','mandatory':'1', 'ver':'27030'},{'id':'0', 'type':'detail', 'mandatory':'1'},{'id':'2', 'type':'detail', 'mandatory':'1'},{'id':'13','type':'notice','mandatory':'1', 'ver':'27030'},{'id':'7', 'type':'detail', 'mandatory':'1'},{'id':'10','type':'notice','mandatory':'0','checked':'0', 'ver':'27030'},{'id':'16', 'type':'detail', 'mandatory':'1'},{'id':'17', 'type':'notice', 'mandatory':'1', 'ver':'27030'}]}"/>
				<agr-site id="8" name-en="Russia" name-zh="俄罗斯" agreements="{'layout_id':'3','agreements':[{'id':'12','type':'notice','mandatory':'1', 'ver':'27030'},{'id':'0', 'type':'detail', 'mandatory':'1'},{'id':'2', 'type':'detail', 'mandatory':'1'},{'id':'13','type':'notice','mandatory':'1', 'ver':'27030'},{'id':'7', 'type':'detail', 'mandatory':'1'},{'id':'10','type':'notice','mandatory':'0','checked':'0', 'ver':'27030'},{'id':'16', 'type':'detail', 'mandatory':'1'},{'id':'17', 'type':'notice', 'mandatory':'1', 'ver':'27030'}]}"/>
			</agr-site-list>
		</agreement>
		<agreement min-version-code="20700001" max-version-code="20701000">
			<agr-country-list>
				<agr-country site-id="7" name-zh="澳大利亚" name-en="Australia" iso-2code="AU" agreements="{'layout_id':'3','agreements':[{'id':'12','type':'notice','mandatory':'1', 'ver':'27030'},{'id':'0', 'type':'detail', 'mandatory':'1'},{'id':'2', 'type':'detail', 'mandatory':'1'},{'id':'13','type':'notice','mandatory':'1', 'ver':'27030'},{'id':'7', 'type':'detail', 'mandatory':'1'},{'id':'10','type':'notice','mandatory':'0','checked':'0', 'ver':'27030'},{'id':'16', 'type':'detail', 'mandatory':'1'},{'id':'17', 'type':'notice', 'mandatory':'1', 'ver':'27030'},{'id':'11', 'type':'notice', 'mandatory':'1', 'ver':'10004'}]}"/>
				<agr-country site-id="7" name-zh="新西兰" name-en="New Zealand" iso-2code="NZ" agreements="{'layout_id':'3','agreements':[{'id':'12','type':'notice','mandatory':'1', 'ver':'27030'},{'id':'0', 'type':'detail', 'mandatory':'1'},{'id':'2', 'type':'detail', 'mandatory':'1'},{'id':'13','type':'notice','mandatory':'1', 'ver':'27030'},{'id':'7', 'type':'detail', 'mandatory':'1'},{'id':'10','type':'notice','mandatory':'0','checked':'0', 'ver':'27030'},{'id':'16', 'type':'detail', 'mandatory':'1'},{'id':'17', 'type':'notice', 'mandatory':'1', 'ver':'27030'},{'id':'11', 'type':'notice', 'mandatory':'1', 'ver':'10004'}]}"/>
				<agr-country site-id="5" name-zh="菲律宾" name-en="Philippines" iso-2code="PH" agreements="{'layout_id':'3','agreements':[{'id':'12','type':'notice','mandatory':'1', 'ver':'27030'},{'id':'0', 'type':'detail', 'mandatory':'1'},{'id':'2', 'type':'detail', 'mandatory':'1'},{'id':'13','type':'notice','mandatory':'1', 'ver':'27030'},{'id':'7', 'type':'detail', 'mandatory':'1'},{'id':'10','type':'notice','mandatory':'0','checked':'0', 'ver':'27030'},{'id':'16', 'type':'detail', 'mandatory':'1'},{'id':'17', 'type':'notice', 'mandatory':'1', 'ver':'27030'},{'id':'11', 'type':'notice', 'mandatory':'1', 'ver':'10004'}]}"/>
				<agr-country site-id="5" name-zh="A5" name-en="A5" iso-2code="SD" agreements="{'layout_id':'2','agreements':[{'id':'12','type':'notice','mandatory':'1', 'ver':'10004'},{'id':'0', 'type':'detail', 'mandatory':'1'},{'id':'2', 'type':'detail', 'mandatory':'1'}]}"/>
				<agr-country site-id="5" name-zh="A6" name-en="A6" iso-2code="CU" agreements="{'layout_id':'2','agreements':[{'id':'12','type':'notice','mandatory':'1', 'ver':'10004'},{'id':'0', 'type':'detail', 'mandatory':'1'},{'id':'2', 'type':'detail', 'mandatory':'1'}]}"/>
				<agr-country site-id="5" name-zh="A7" name-en="A7" iso-2code="SY" agreements="{'layout_id':'2','agreements':[{'id':'12','type':'notice','mandatory':'1', 'ver':'10004'},{'id':'0', 'type':'detail', 'mandatory':'1'},{'id':'2', 'type':'detail', 'mandatory':'1'}]}"/>
			</agr-country-list>
			<agr-site-list>
				<agr-site id="1" name-en="China" name-zh="中国大陆" agreements="{'layout_id':'1','agreements':[{'id':'12','type':'notice','mandatory':'1', 'ver':'27000'},{'id':'0', 'type':'detail', 'mandatory':'1'},{'id':'2', 'type':'detail', 'mandatory':'1'},{'id':'16', 'type':'detail', 'mandatory':'1'},{'id':'13','type':'notice','mandatory':'1', 'ver':'26500'},{'id':'7', 'type':'detail','mandatory':'1'}, {'id':'10','type':'notice','mandatory':'0','checked':'1', 'ver':'26500'}]}"/>
				<agr-site id="3" name-en="Beijing" name-zh="中国北京" agreements="{'layout_id':'2','agreements':[{'id':'12','type':'notice','mandatory':'1', 'ver':'10004'},{'id':'0', 'type':'detail', 'mandatory':'1'},{'id':'2', 'type':'detail', 'mandatory':'1'}]}"/>
				<agr-site id="5" name-en="Singapore" name-zh="新加坡" agreements="{'layout_id':'3','agreements':[{'id':'12','type':'notice','mandatory':'1', 'ver':'27030'},{'id':'0', 'type':'detail', 'mandatory':'1'},{'id':'2', 'type':'detail', 'mandatory':'1'},{'id':'13','type':'notice','mandatory':'1', 'ver':'27030'},{'id':'7', 'type':'detail', 'mandatory':'1'},{'id':'10','type':'notice','mandatory':'0','checked':'0', 'ver':'27030'},{'id':'16', 'type':'detail', 'mandatory':'1'},{'id':'17', 'type':'notice', 'mandatory':'1', 'ver':'27030'}]}"/>
				<agr-site id="7" name-en="Europe" name-zh="欧洲" agreements="{'layout_id':'3','agreements':[{'id':'12','type':'notice','mandatory':'1', 'ver':'27030'},{'id':'0', 'type':'detail', 'mandatory':'1'},{'id':'2', 'type':'detail', 'mandatory':'1'},{'id':'13','type':'notice','mandatory':'1', 'ver':'27030'},{'id':'7', 'type':'detail', 'mandatory':'1'},{'id':'10','type':'notice','mandatory':'0','checked':'0', 'ver':'27030'},{'id':'16', 'type':'detail', 'mandatory':'1'},{'id':'17', 'type':'notice', 'mandatory':'1', 'ver':'27030'}]}"/>
				<agr-site id="8" name-en="Russia" name-zh="俄罗斯" agreements="{'layout_id':'3','agreements':[{'id':'12','type':'notice','mandatory':'1', 'ver':'27030'},{'id':'0', 'type':'detail', 'mandatory':'1'},{'id':'2', 'type':'detail', 'mandatory':'1'},{'id':'13','type':'notice','mandatory':'1', 'ver':'27030'},{'id':'7', 'type':'detail', 'mandatory':'1'},{'id':'10','type':'notice','mandatory':'0','checked':'0', 'ver':'27030'},{'id':'16', 'type':'detail', 'mandatory':'1'},{'id':'17', 'type':'notice', 'mandatory':'1', 'ver':'27030'}]}"/>
			</agr-site-list>
		</agreement>
		<agreement min-version-code="20701001" max-version-code="30000000">
			<agr-country-list>
				<agr-country site-id="7" name-zh="澳大利亚" name-en="Australia" iso-2code="AU" agreements="{'layout_id':'3','agreements':[{'id':'12','type':'notice','mandatory':'1', 'ver':'27030'},{'id':'0', 'type':'detail', 'mandatory':'1'},{'id':'2', 'type':'detail', 'mandatory':'1'},{'id':'13','type':'notice','mandatory':'1', 'ver':'27030'},{'id':'7', 'type':'detail', 'mandatory':'1'},{'id':'10','type':'notice','mandatory':'0','checked':'0', 'ver':'27030'},{'id':'16', 'type':'detail', 'mandatory':'1'},{'id':'17', 'type':'notice', 'mandatory':'1', 'ver':'27030'},{'id':'11', 'type':'notice', 'mandatory':'1', 'ver':'10004'}]}"/>
				<agr-country site-id="7" name-zh="新西兰" name-en="New Zealand" iso-2code="NZ" agreements="{'layout_id':'3','agreements':[{'id':'12','type':'notice','mandatory':'1', 'ver':'27030'},{'id':'0', 'type':'detail', 'mandatory':'1'},{'id':'2', 'type':'detail', 'mandatory':'1'},{'id':'13','type':'notice','mandatory':'1', 'ver':'27030'},{'id':'7', 'type':'detail', 'mandatory':'1'},{'id':'10','type':'notice','mandatory':'0','checked':'0', 'ver':'27030'},{'id':'16', 'type':'detail', 'mandatory':'1'},{'id':'17', 'type':'notice', 'mandatory':'1', 'ver':'27030'},{'id':'11', 'type':'notice', 'mandatory':'1', 'ver':'10004'}]}"/>
				<agr-country site-id="5" name-zh="菲律宾" name-en="Philippines" iso-2code="PH" agreements="{'layout_id':'3','agreements':[{'id':'12','type':'notice','mandatory':'1', 'ver':'27030'},{'id':'0', 'type':'detail', 'mandatory':'1'},{'id':'2', 'type':'detail', 'mandatory':'1'},{'id':'13','type':'notice','mandatory':'1', 'ver':'27030'},{'id':'7', 'type':'detail', 'mandatory':'1'},{'id':'10','type':'notice','mandatory':'0','checked':'0', 'ver':'27030'},{'id':'16', 'type':'detail', 'mandatory':'1'},{'id':'17', 'type':'notice', 'mandatory':'1', 'ver':'27030'},{'id':'11', 'type':'notice', 'mandatory':'1', 'ver':'10004'}]}"/>
				<agr-country site-id="5" name-zh="A5" name-en="A5" iso-2code="SD" agreements="{'layout_id':'2','agreements':[{'id':'12','type':'notice','mandatory':'1', 'ver':'10004'},{'id':'0', 'type':'detail', 'mandatory':'1'},{'id':'2', 'type':'detail', 'mandatory':'1'}]}"/>
				<agr-country site-id="5" name-zh="A6" name-en="A6" iso-2code="CU" agreements="{'layout_id':'2','agreements':[{'id':'12','type':'notice','mandatory':'1', 'ver':'10004'},{'id':'0', 'type':'detail', 'mandatory':'1'},{'id':'2', 'type':'detail', 'mandatory':'1'}]}"/>
				<agr-country site-id="5" name-zh="A7" name-en="A7" iso-2code="SY" agreements="{'layout_id':'2','agreements':[{'id':'12','type':'notice','mandatory':'1', 'ver':'10004'},{'id':'0', 'type':'detail', 'mandatory':'1'},{'id':'2', 'type':'detail', 'mandatory':'1'}]}"/>
			</agr-country-list>
			<agr-site-list>
				<agr-site id="1" name-en="China" name-zh="中国大陆" agreements="{'layout_id':'1','agreements':[{'id':'12','type':'notice','mandatory':'1', 'ver':'27030'},{'id':'0', 'type':'detail', 'mandatory':'1'},{'id':'2', 'type':'detail', 'mandatory':'1'},{'id':'16', 'type':'detail', 'mandatory':'1'},{'id':'13','type':'notice','mandatory':'1', 'ver':'26500'},{'id':'7', 'type':'detail','mandatory':'1'}, {'id':'10','type':'notice','mandatory':'0','checked':'1', 'ver':'26500'}]}"/>
				<agr-site id="3" name-en="Beijing" name-zh="中国北京" agreements="{'layout_id':'2','agreements':[{'id':'12','type':'notice','mandatory':'1', 'ver':'10004'},{'id':'0', 'type':'detail', 'mandatory':'1'},{'id':'2', 'type':'detail', 'mandatory':'1'}]}"/>
				<agr-site id="5" name-en="Singapore" name-zh="新加坡" agreements="{'layout_id':'3','agreements':[{'id':'12','type':'notice','mandatory':'1', 'ver':'27030'},{'id':'0', 'type':'detail', 'mandatory':'1'},{'id':'2', 'type':'detail', 'mandatory':'1'},{'id':'13','type':'notice','mandatory':'1', 'ver':'27030'},{'id':'7', 'type':'detail', 'mandatory':'1'},{'id':'10','type':'notice','mandatory':'0','checked':'0', 'ver':'27030'},{'id':'16', 'type':'detail', 'mandatory':'1'},{'id':'17', 'type':'notice', 'mandatory':'1', 'ver':'27030'}]}"/>
				<agr-site id="7" name-en="Europe" name-zh="欧洲" agreements="{'layout_id':'3','agreements':[{'id':'12','type':'notice','mandatory':'1', 'ver':'27030'},{'id':'0', 'type':'detail', 'mandatory':'1'},{'id':'2', 'type':'detail', 'mandatory':'1'},{'id':'13','type':'notice','mandatory':'1', 'ver':'27030'},{'id':'7', 'type':'detail', 'mandatory':'1'},{'id':'10','type':'notice','mandatory':'0','checked':'0', 'ver':'27030'},{'id':'16', 'type':'detail', 'mandatory':'1'},{'id':'17', 'type':'notice', 'mandatory':'1', 'ver':'27030'}]}"/>
				<agr-site id="8" name-en="Russia" name-zh="俄罗斯" agreements="{'layout_id':'3','agreements':[{'id':'12','type':'notice','mandatory':'1', 'ver':'27030'},{'id':'0', 'type':'detail', 'mandatory':'1'},{'id':'2', 'type':'detail', 'mandatory':'1'},{'id':'13','type':'notice','mandatory':'1', 'ver':'27030'},{'id':'7', 'type':'detail', 'mandatory':'1'},{'id':'10','type':'notice','mandatory':'0','checked':'0', 'ver':'27030'},{'id':'16', 'type':'detail', 'mandatory':'1'},{'id':'17', 'type':'notice', 'mandatory':'1', 'ver':'27030'}]}"/>
			</agr-site-list>
		</agreement>
		<agreement min-version-code="30000001">
			<agr-country-list>
				<agr-country site-id="7" name-zh="澳大利亚" name-en="Australia" iso-2code="AU" agreements="{'layout_id':'3','agreements':[{'id':'12','type':'notice','mandatory':'1', 'ver':'27030'},{'id':'0', 'type':'detail', 'mandatory':'1'},{'id':'2', 'type':'detail', 'mandatory':'1'},{'id':'13','type':'notice','mandatory':'1', 'ver':'27030'},{'id':'7', 'type':'detail', 'mandatory':'1'},{'id':'10','type':'notice','mandatory':'0','checked':'0', 'ver':'27030'},{'id':'16', 'type':'detail', 'mandatory':'1'},{'id':'17', 'type':'notice', 'mandatory':'1', 'ver':'27030'},{'id':'11', 'type':'notice', 'mandatory':'1', 'ver':'10004'}]}"/>
				<agr-country site-id="7" name-zh="新西兰" name-en="New Zealand" iso-2code="NZ" agreements="{'layout_id':'3','agreements':[{'id':'12','type':'notice','mandatory':'1', 'ver':'27030'},{'id':'0', 'type':'detail', 'mandatory':'1'},{'id':'2', 'type':'detail', 'mandatory':'1'},{'id':'13','type':'notice','mandatory':'1', 'ver':'27030'},{'id':'7', 'type':'detail', 'mandatory':'1'},{'id':'10','type':'notice','mandatory':'0','checked':'0', 'ver':'27030'},{'id':'16', 'type':'detail', 'mandatory':'1'},{'id':'17', 'type':'notice', 'mandatory':'1', 'ver':'27030'},{'id':'11', 'type':'notice', 'mandatory':'1', 'ver':'10004'}]}"/>
				<agr-country site-id="5" name-zh="菲律宾" name-en="Philippines" iso-2code="PH" agreements="{'layout_id':'4','agreements':[{'id':'12','type':'notice','mandatory':'1', 'ver':'30000'},{'id':'0', 'type':'detail', 'mandatory':'1'},{'id':'2', 'type':'detail', 'mandatory':'1'},{'id':'13','type':'notice','mandatory':'1', 'ver':'27030'},{'id':'7', 'type':'detail', 'mandatory':'1'},{'id':'10','type':'notice','mandatory':'0','checked':'0', 'ver':'30000'},{'id':'16', 'type':'detail', 'mandatory':'1'},{'id':'17', 'type':'notice', 'mandatory':'1', 'ver':'30000'},{'id':'11', 'type':'notice', 'mandatory':'1', 'ver':'10004'}]}"/>
				<agr-country site-id="5" name-zh="A5" name-en="A5" iso-2code="SD" agreements="{'layout_id':'2','agreements':[{'id':'12','type':'notice','mandatory':'1', 'ver':'10004'},{'id':'0', 'type':'detail', 'mandatory':'1'},{'id':'2', 'type':'detail', 'mandatory':'1'}]}"/>
				<agr-country site-id="5" name-zh="A6" name-en="A6" iso-2code="CU" agreements="{'layout_id':'2','agreements':[{'id':'12','type':'notice','mandatory':'1', 'ver':'10004'},{'id':'0', 'type':'detail', 'mandatory':'1'},{'id':'2', 'type':'detail', 'mandatory':'1'}]}"/>
				<agr-country site-id="5" name-zh="A7" name-en="A7" iso-2code="SY" agreements="{'layout_id':'2','agreements':[{'id':'12','type':'notice','mandatory':'1', 'ver':'10004'},{'id':'0', 'type':'detail', 'mandatory':'1'},{'id':'2', 'type':'detail', 'mandatory':'1'}]}"/>
			</agr-country-list>
			<agr-site-list>
				<agr-site id="1" name-en="China" name-zh="中国大陆" agreements="{'layout_id':'1','agreements':[{'id':'12','type':'notice','mandatory':'1', 'ver':'27030'},{'id':'0', 'type':'detail', 'mandatory':'1'},{'id':'2', 'type':'detail', 'mandatory':'1'},{'id':'16', 'type':'detail', 'mandatory':'1'},{'id':'13','type':'notice','mandatory':'1', 'ver':'26500'},{'id':'7', 'type':'detail','mandatory':'1'}, {'id':'10','type':'notice','mandatory':'0','checked':'1', 'ver':'26500'}]}"/>
				<agr-site id="3" name-en="Beijing" name-zh="中国北京" agreements="{'layout_id':'2','agreements':[{'id':'12','type':'notice','mandatory':'1', 'ver':'10004'},{'id':'0', 'type':'detail', 'mandatory':'1'},{'id':'2', 'type':'detail', 'mandatory':'1'}]}"/>
				<agr-site id="5" name-en="Singapore" name-zh="新加坡" agreements="{'layout_id':'1','agreements':[{'id':'12','type':'notice','mandatory':'1', 'ver':'30000'},{'id':'0', 'type':'detail', 'mandatory':'1'},{'id':'2', 'type':'detail', 'mandatory':'1'},{'id':'13','type':'notice','mandatory':'1', 'ver':'27030'},{'id':'7', 'type':'detail', 'mandatory':'1'},{'id':'10','type':'notice','mandatory':'0','checked':'0', 'ver':'30000'},{'id':'16', 'type':'detail', 'mandatory':'1'},{'id':'17', 'type':'notice', 'mandatory':'1', 'ver':'30000'}]}"/>
				<agr-site id="7" name-en="Europe" name-zh="欧洲" agreements="{'layout_id':'3','agreements':[{'id':'12','type':'notice','mandatory':'1', 'ver':'27030'},{'id':'0', 'type':'detail', 'mandatory':'1'},{'id':'2', 'type':'detail', 'mandatory':'1'},{'id':'13','type':'notice','mandatory':'1', 'ver':'27030'},{'id':'7', 'type':'detail', 'mandatory':'1'},{'id':'10','type':'notice','mandatory':'0','checked':'0', 'ver':'27030'},{'id':'16', 'type':'detail', 'mandatory':'1'},{'id':'17', 'type':'notice', 'mandatory':'1', 'ver':'27030'}]}"/>
				<agr-site id="8" name-en="Russia" name-zh="俄罗斯" agreements="{'layout_id':'1','agreements':[{'id':'12','type':'notice','mandatory':'1', 'ver':'27030'},{'id':'0', 'type':'detail', 'mandatory':'1'},{'id':'2', 'type':'detail', 'mandatory':'1'},{'id':'13','type':'notice','mandatory':'1', 'ver':'27030'},{'id':'7', 'type':'detail', 'mandatory':'1'},{'id':'10','type':'notice','mandatory':'0','checked':'0', 'ver':'30000'},{'id':'16', 'type':'detail', 'mandatory':'1'},{'id':'17', 'type':'notice', 'mandatory':'1', 'ver':'30000'}]}"/>
			</agr-site-list>
		</agreement>
	</agreement-cfg>
	<webview-white-list>
		<read-sms-auth-code urls="['https://hnid-drcn.cloud.hihonor.com/AMW/mobile/standard/resetPwd/inputAuthCode.html', 'https://hnid.cloud.hihonor.com/AMW/mobile/standard/resetPwd/inputAuthCode.html', 'https://hnid-drcn.cloud.hihonor.com/AMW/mobile/standard/resetPwd/inputAuthCode.html', 'https://id3.cloud.hihonor.com/AMW/mobile/standard/resetPwd/inputAuthCode.html', 'https://id5.cloud.hihonor.com/AMW/mobile/standard/resetPwd/inputAuthCode.html', 'https://id7.cloud.hihonor.com/AMW/mobile/standard/resetPwd/inputAuthCode.html', 'https://id8.cloud.hihonor.com/AMW/mobile/standard/resetPwd/inputAuthCode.html', 'https://hnid.cloud.hihonor.com/AMW/mobile/appealSelf/bindNewAccount.html', 'https://hnid-drcn.cloud.hihonor.com/AMW/mobile/appealSelf/bindNewAccount.html', 'https://id3.cloud.hihonor.com/AMW/mobile/appealSelf/bindNewAccount.html', 'https://id5.cloud.hihonor.com/AMW/mobile/appealSelf/bindNewAccount.html', 'https://id7.cloud.hihonor.com/AMW/mobile/appealSelf/bindNewAccount.html', 'https://id8.cloud.hihonor.com/AMW/mobile/appealSelf/bindNewAccount.html', 'https://hnid.cloud.hihonor.com/AMW/mobile/securitycenter/frozeOrUnfrozeAccByPhoneOrEmail.html', 'https://hnid-drcn.cloud.hihonor.com/AMW/mobile/securitycenter/frozeOrUnfrozeAccByPhoneOrEmail.html', 'https://id3.cloud.hihonor.com/AMW/mobile/securitycenter/frozeOrUnfrozeAccByPhoneOrEmail.html', 'https://id5.cloud.hihonor.com/AMW/mobile/securitycenter/frozeOrUnfrozeAccByPhoneOrEmail.html', 'https://id7.cloud.hihonor.com/AMW/mobile/securitycenter/frozeOrUnfrozeAccByPhoneOrEmail.html', 'https://id8.cloud.hihonor.com/AMW/mobile/securitycenter/frozeOrUnfrozeAccByPhoneOrEmail.html']"/>
		<read-imei urls="['https://hnid-drcn.cloud.hihonor.com/AMW/mobile/appealSelf/inputDevUseInfo.html', 'https://hnid.cloud.hihonor.com/AMW/mobile/appealSelf/inputDevUseInfo.html', 'https://hnid-drcn.cloud.hihonor.com/AMW/mobile/appealSelf/inputDevUseInfo.html', 'https://id3.cloud.hihonor.com/AMW/mobile/appealSelf/inputDevUseInfo.html', 'https://id5.cloud.hihonor.com/AMW/mobile/appealSelf/inputDevUseInfo.html', 'https://id7.cloud.hihonor.com/AMW/mobile/appealSelf/inputDevUseInfo.html', 'https://id8.cloud.hihonor.com/AMW/mobile/appealSelf/inputDevUseInfo.html']"/>
		<domain hosts="['hnidtest-drcn.cloud.hihonor.com','hnid-drcn.cloud.hihonor.com', 'consumer-tkb.hihonor.com', 'hnid.cloud.hihonor.com', 'hnid-drcn.cloud.hihonor.com', 'id3.cloud.hihonor.com', 'id5.cloud.hihonor.com', 'id7.cloud.hihonor.com', 'id8.cloud.hihonor.com', 'hnid.cloud.hihonor.com', 'hnid-drcn.cloud.hihonor.com', 'id3.cloud.hihonor.com', 'id5.cloud.hihonor.com', 'id7.cloud.hihonor.com', 'id8.cloud.hihonor.com', 'forgot.cloud.hihonor.com', 'forgot1.cloud.hihonor.com', 'forgot3.cloud.hihonor.com', 'forgot5.cloud.hihonor.com', 'forgot7.cloud.hihonor.com', 'forgot8.cloud.hihonor.com', 'login.cloud.hihonor.com', 'login1.cloud.hihonor.com', 'login3.cloud.hihonor.com', 'login5.cloud.hihonor.com', 'login7.cloud.hihonor.com', 'login8.cloud.hihonor.com', 'api.cloud.hihonor.com', 'api1.cloud.hihonor.com', 'api3.cloud.hihonor.com', 'api5.cloud.hihonor.com', 'api7.cloud.hihonor.com', 'api8.cloud.hihonor.com', 'oauth-login.cloud.hihonor.com', 'oauth-login1.cloud.hihonor.com', 'oauth-login3.cloud.hihonor.com', 'oauth-login5.cloud.hihonor.com', 'oauth-login7.cloud.hihonor.com', 'oauth-login8.cloud.hihonor.com', 'oauth-api.cloud.hihonor.com', 'oauth-api-dra.cloud.hihonor.com', 'www.hihonor.com', 'aboutcookies.org', 'support.microsoft.com', 'support.google.com', 'support.mozilla.org', 'support.apple.com', 'www.opera.com', 'help.opera.com', 'donottrack.us', 'www.eff.org', 'www.hihonor.com', 'www.hihonor.com', 'ec.europa.eu', 'cloud.hihonor.com', 'forgot.cloud.hihonor.com', 'helpx.adobe.com', 'www.macromedia.com', 'www.macromedia.com', 'hnid.cloud.hihonor.com', 'forgot.cloud.hihonor.com', 'club.hihonor.com', 'm.weibo.cn', 'weibo.com', 'www-file.hihonor.com', 'developer.hihonor.com', 'partner.hihonor.com', 'www.honorcloud.com', 'm.hihonor.cn', 'www.linkedin.com', 'www.zhihu.com', 'e.hihonor.com', 'support.hihonor.com', 'solar.hihonor.com', 'career.hihonor.com', 'forum.hihonor.com', 'cn.jdc.hihonor.com', 'scs.hihonor.com', 'xinsheng.hihonor.com', 'www.honormarine.com', 'm.toutiao.com', 'celia.www.hihonor.com', 'nsp-wisesupport-complain-p01-drcn.obs.cn-north-2.myhwclouds.com', 'smartrobot-drcn.dbankcdn.com', 'nebula-collector.hihonor.com', 'pv.sohu.com', 'map.baidu.com', 'hnoauth-login.cloud.hihonor.com', 'ms.zzx9.cn', 'ctaccount.21cn.com', 'privacy.www.hihonor.com', 'privacy-cn.www.hihonor.com', 'privacy-sg.www.hihonor.com','privacy-eu.www.hihonor.com', 'privacy-ru.www.hihonor.com', 'auth.wosms.cn', 'contentcenter-drcn.dbankcdn.com', 'h5hosting-drcn.dbankcdn.cn', 'h5hosting.dbankcdn.com', 'contentcenter-dre.dbankcdn.com', 'h5hosting-dre.dbankcdn.com', 'contentcenter-drru.dbankcdn.com', 'h5hosting-drru.dbankcdn.com', 'contentcenter-dra.dbankcdn.com', 'h5hosting-dra.dbankcdn.com', 'mng-ru.hwccpc.com', 'smartrobot-drru.platform.dbankcloud.com','smartrobot-dre.platform.dbankcloud.com','smartrobot-dra.platform.dbankcloud.com','smartrobot-drcn.platform.dbankcloud.cn','smartrobot-dre.platform.dbankcloud.cn','smartrobot-dra.platform.dbankcloud.cn','smartrobot-drru.platform.dbankcloud.cn','feedback-drcn.platform.dbankcloud.cn','feedback-dra.platform.dbankcloud.cn','feedback-drru.platform.dbankcloud.cn','feedback-dre.platform.dbankcloud.cn',selfhelp-drcn.platform.dbankcloud.cn','selfhelp-dra.platform.dbankcloud.cn','selfhelp-drru.platform.dbankcloud.cn','selfhelp-dre.platform.dbankcloud.cn','api.geetest.com','hnid.cloud.hihonor.com.cn','id.cloud.hihonor.eu','id.cloud.hihonor.asia','id.cloud.hihonor.ru','hnid.cloud.hihonor.com.au','id-drcn.cloud.hihonor.com.cn','id-dra.cloud.hihonor.asia','id-dra.cloud.hihonor.com.cn','id-dre.cloud.hihonor.eu','id-dre.cloud.hihonor.com.au','id-dre.cloud.hihonor.com.cn','id-drru.cloud.hihonor.ru','id-drru.cloud.hihonor.com.cn','forgot.cloud.hihonor.com.cn','forgot.cloud.hihonor.eu','forgot.cloud.hihonor.asia','forgot.cloud.hihonor.ru','forgot.cloud.hihonor.com.au','login.cloud.hihonor.com.cn','login.cloud.hihonor.eu','login.cloud.hihonor.asia','login.cloud.hihonor.ru','login.cloud.hihonor.com.au','login-drcn.cloud.hihonor.com.cn','login-dra.cloud.hihonor.asia','login-dra.cloud.hihonor.com.cn','login-dre.cloud.hihonor.eu','login-dre.cloud.hihonor.com.au','login-dre.cloud.hihonor.com.cn','login-drru.cloud.hihonor.ru','login-drru.cloud.hihonor.com.cn','oauth-login.cloud.hihonor.com.cn','oauth-login.cloud.hihonor.eu','oauth-login.cloud.hihonor.asia','oauth-login.cloud.hihonor.ru','oauth-login.cloud.hihonor.com.au','oauth-login-drcn.cloud.hihonor.com.cn','oauth-login-dra.cloud.hihonor.asia','oauth-login-dra.cloud.hihonor.com.cn','oauth-login-dre.cloud.hihonor.eu','oauth-login-dre.cloud.hihonor.com.au','oauth-login-dre.cloud.hihonor.com.cn','oauth-login-drru.cloud.hihonor.ru','oauth-login-drru.cloud.hihonor.com.cn','oauth-login1.cloud.hihonor.com','id.cloud.hihonor.com','id1.cloud.hihonor.com','id5.cloud.hihonor.com','id7.cloud.hihonor.com','id8.cloud.hihonor.com','forgot.cloud.hihonor.com','oauth-login.cloud.hihonor.com','oauth-login1.cloud.hihonor.com','oauth-login5.cloud.hihonor.com','oauth-login7.cloud.hihonor.com','oauth-login8.cloud.hihonor.com','www.hihonor.com','privacy-cn.hihonor.com','privacy-sg.hihonor.com','privacy-eu.hihonor.com','privacy-ru.hihonor.com','lbsyun.baidu.com','lbs.baidu.com','login.platform.hihonorcloud.com']"/>
		<oobe-intercept-url urls="['https://www.hihonor.com/minisite/cloudservice/hihonor-id/privacy-statement.htm','https://hnid-drcn.cloud.hihonor.com/AMW/portal/agreements/accPrivacyStatement/', 'https://hnid-drcn.cloud.hihonor.com/AMW/portal/agreements/accPrivacyStatement/', 'https://id3.cloud.hihonor.com/AMW/portal/agreements/accPrivacyStatement/', 'https://id5.cloud.hihonor.com/AMW/portal/agreements/accPrivacyStatement/', 'https://id7.cloud.hihonor.com/AMW/portal/agreements/accPrivacyStatement/', 'https://id8.cloud.hihonor.com/AMW/portal/agreements/accPrivacyStatement/']"/>
		<get-auth-info urls="['https://login.platform.hihonorcloud.com/oauth2/v3/authorize', 'https://hnidtest-drcn.cloud.hihonor.com/oauth2/v3/authorize', 'https://hnoauth-login-drcn.cloud.hihonor.com/oauth2/v3/authorize', 'https://login.cloud.hihonor.com/oauth2/v2/authorize', 'https://login.cloud.hihonor.com/oauth2/v3/authorize', 'https://login.cloud1.hihonor.com/oauth2/v2/authorize', 'https://login.cloud1.hihonor.com/oauth2/v3/authorize', 'https://login.cloud3.hihonor.com/oauth2/v2/authorize', 'https://login.cloud3.hihonor.com/oauth2/v3/authorize', 'https://login.cloud5.hihonor.com/oauth2/v2/authorize', 'https://login.cloud5.hihonor.com/oauth2/v3/authorize', 'https://login.cloud7.hihonor.com/oauth2/v2/authorize', 'https://login.cloud7.hihonor.com/oauth2/v3/authorize', 'https://login.cloud8.hihonor.com/oauth2/v2/authorize', 'https://login.cloud8.hihonor.com/oauth2/v3/authorize', 'https://oauth-login.cloud.hihonor.com/oauth2/v2/authorize', 'https://oauth-login.cloud.hihonor.com/oauth2/v3/authorize', 'https://oauth-login.cloud1.hihonor.com/oauth2/v2/authorize', 'https://oauth-login.cloud1.hihonor.com/oauth2/v3/authorize', 'https://oauth-login.cloud3.hihonor.com/oauth2/v2/authorize', 'https://oauth-login.cloud3.hihonor.com/oauth2/v3/authorize', 'https://oauth-login.cloud5.hihonor.com/oauth2/v2/authorize', 'https://oauth-login.cloud5.hihonor.com/oauth2/v3/authorize', 'https://oauth-login.cloud7.hihonor.com/oauth2/v2/authorize', 'https://oauth-login.cloud7.hihonor.com/oauth2/v3/authorize', 'https://oauth-login.cloud8.hihonor.com/oauth2/v2/authorize', 'https://oauth-login.cloud8.hihonor.com/oauth2/v3/authorize', 'https://hnoauth-login.cloud.hihonor.com/oauth2/v2/authorize', 'https://hnoauth-login.cloud.hihonor.com/oauth2/v3/authorize', 'https://login.cloud.hihonor.com/oauth2/v3/device', 'https://login.cloud1.hihonor.com/oauth2/v3/device', 'https://login.cloud3.hihonor.com/oauth2/v3/device', 'https://login.cloud5.hihonor.com/oauth2/v3/device', 'https://login.cloud7.hihonor.com/oauth2/v3/device', 'https://login.cloud8.hihonor.com/oauth2/v3/device', 'https://oauth-login.cloud.hihonor.com/oauth2/v3/device', 'https://oauth-login.cloud1.hihonor.com/oauth2/v3/device', 'https://oauth-login.cloud3.hihonor.com/oauth2/v3/device', 'https://oauth-login.cloud5.hihonor.com/oauth2/v3/device', 'https://oauth-login.cloud7.hihonor.com/oauth2/v3/device', 'https://oauth-login.cloud8.hihonor.com/oauth2/v3/device', 'https://hnoauth-login.cloud.hihonor.com/oauth2/v3/device', 'https://oauth-login1.cloud.hihonor.com/oauth2/v3/device', 'https://oauth-login5.cloud.hihonor.com/oauth2/v3/device', 'https://oauth-login7.cloud.hihonor.com/oauth2/v3/device', 'https://oauth-login8.cloud.hihonor.com/oauth2/v3/device','https://oauth-login.hihonor.com/oauth2/v2/authorize','https://oauth-login.hihonor.com/oauth2/v3/authorize','https://oauth-login.hihonor.com/oauth2/v3/device','https://oauth-login1.hihonor.com/oauth2/v2/authorize','https://oauth-login1.hihonor.com/oauth2/v3/authorize','https://oauth-login1.hihonor.com/oauth2/v3/device', 'https://oauth-login1.cloud.hihonor.com/oauth2/v3/authorize','https://oauth-login1.cloud.hihonor.com/oauth2/v3/authorize','https://login.platform.hihonorcloud.com/oauth2/v3/authorize','https://hnoauth-login-drcn.cloud.hihonor.com/oauth2/v3/authorize']"/>
		<oauth-qr-cfg key="device" qr-urls="['oauth-login1.cloud.hihonor.com', 'oauth-login5.cloud.hihonor.com', 'oauth-login7.cloud.hihonor.com', 'oauth-login8.cloud.hihonor.com']"/>
	</webview-white-list>
	<qr-url-list>
		<qr-url name="mobile-url" value="^https://id[0-9]*\.cloud\.hihonor\.com/qrcode/login\.jsp$"/>
	</qr-url-list>
	<url-list>
		<item name="ping-url" value="www.baidu.com"/>
		<item name="weibo-url" value="api.weibo.com"/>
		<item name="weixin-url" value="api.weixin.qq.com"/>
		<item name="qq-url" value="graph.qq.com"/>
		<item name="google-url" value="play.google.com"/>
		<item name="google-discovery-url" value="https://accounts.google.com/.well-known/openid-configuration"/>
		<item name="google-auth-url" value="https://accounts.google.com/o/oauth2/v2/auth"/>
		<item name="google-token-url" value="https://www.googleapis.com/oauth2/v4/token"/>
		<item name="hihonor-url" value="www.hihonor.com"/>
		<item name="xmlpull-url" value="xmlpull.org"/>
		<item name="ctcc-preLogin-domain" value="id6.me" />
		<item name="ctcc-logUpload-domain" value="collect.ux.21cn.com" />
		<item name="ctcc-getTimeStamp-domain" value="open.e.189.cn" />
		<item name="cucc-domain" value="https://dzh.wo.cn" />
	</url-list>
	<register-way-list>
		<register-way name="lite-register-apps" value="['com.hihonor.phoneservice','com.hihonor.vmall','com.hihonor.educenter','com.hihonor.himovie','com.hihonor.mycenter','com.hihonor.club','cn.hihonor.qinxuan']"/>
		<register-way name="quick-register-apps" value="['all']" blacklist="['oobe']" support-operate="[{'operate-name':'chinaUnicom','mccmnc':'46001,46006,46009', 'versioncode':'30002000','timeout':'2000'},{'operate-name':'chinatelecom','mccmnc':'46003,46005,46011', 'versioncode':'30002000','timeout':'2000'}]"/>
	</register-way-list>
	<oplog-sampling randomseed="20"/>
	<qr-scan-cfg scan-sdk-support="1"/>
	<ha-report interval="1440"/>
</Infos>