{"v":"5.7.10","fr":25,"ip":0,"op":45,"w":758,"h":204,"nm":"btn","ddd":0,"assets":[],"fonts":{"list":[{"fName":"PingFangSC-Medium","fFamily":"PingFang SC","fStyle":"Medium","ascent":72.7996826171875}]},"layers":[{"ddd":0,"ind":1,"ty":4,"nm":"arrow","sr":1,"ks":{"o":{"a":0,"k":100,"ix":11},"r":{"a":0,"k":0,"ix":10},"p":{"a":0,"k":[551.692,102,0],"ix":2,"l":2},"a":{"a":0,"k":[0,0,0],"ix":1,"l":2},"s":{"a":0,"k":[100,100,100],"ix":6,"l":2}},"ao":0,"shapes":[{"ty":"gr","it":[{"ind":0,"ty":"sh","ix":1,"ks":{"a":0,"k":{"i":[[-1.17,-1.17],[0,0],[1.17,-1.18],[0,0],[1.17,1.17],[-1.17,1.17],[0,0],[0,0],[-1.17,1.17]],"o":[[0,0],[1.17,1.18],[0,0],[-1.17,1.17],[-1.17,-1.17],[0,0],[0,0],[-1.17,-1.17],[1.17,-1.17]],"v":[[-18.572,-20.505],[-0.182,-2.125],[-0.182,2.125],[-18.572,20.505],[-22.812,20.505],[-22.812,16.265],[-6.552,-0.005],[-22.812,-16.265],[-22.812,-20.505]],"c":true},"ix":2},"nm":"Path 1","mn":"ADBE Vector Shape - Group","hd":false},{"ind":1,"ty":"sh","ix":2,"ks":{"a":0,"k":{"i":[[-1.17,-1.17],[0,0],[1.17,-1.18],[0,0],[1.17,1.17],[-1.17,1.17],[0,0],[0,0],[-1.17,1.17]],"o":[[0,0],[1.17,1.18],[0,0],[-1.17,1.17],[-1.17,-1.17],[0,0],[0,0],[-1.17,-1.17],[1.17,-1.17]],"v":[[4.428,-20.505],[22.818,-2.125],[22.818,2.125],[4.428,20.505],[0.188,20.505],[0.188,16.265],[16.448,-0.005],[0.188,-16.265],[0.188,-20.505]],"c":true},"ix":2},"nm":"Path 2","mn":"ADBE Vector Shape - Group","hd":false},{"ty":"mm","mm":1,"nm":"Merge Paths 1","mn":"ADBE Vector Filter - Merge","hd":false},{"ty":"fl","c":{"a":0,"k":[1,1,1,1],"ix":4},"o":{"a":0,"k":100,"ix":5},"r":1,"bm":0,"nm":"Fill 1","mn":"ADBE Vector Graphic - Fill","hd":false},{"ty":"tr","p":{"a":0,"k":[0,0],"ix":2},"a":{"a":0,"k":[0,0],"ix":1},"s":{"a":0,"k":[100,100],"ix":3},"r":{"a":0,"k":0,"ix":6},"o":{"a":0,"k":100,"ix":7},"sk":{"a":0,"k":0,"ix":4},"sa":{"a":0,"k":0,"ix":5},"nm":"Transform"}],"nm":"arrow","np":4,"cix":2,"bm":0,"ix":1,"mn":"ADBE Vector Group","hd":false}],"ip":0,"op":1500,"st":0,"bm":0},{"ddd":0,"ind":2,"ty":5,"nm":"点击跳转详情页 2","sr":1,"ks":{"o":{"a":0,"k":100,"ix":11},"r":{"a":0,"k":0,"ix":10},"p":{"a":0,"k":[341,119.306,0],"ix":2,"l":2},"a":{"a":0,"k":[0,0,0],"ix":1,"l":2},"s":{"a":0,"k":[100,100,100],"ix":6,"l":2}},"ao":0,"t":{"d":{"k":[{"s":{"s":48,"f":"PingFangSC-Medium","t":"点击跳转详情页","ca":0,"j":2,"tr":0,"lh":57.6,"ls":0,"fc":[1,1,1]},"t":0}]},"p":{},"m":{"g":1,"a":{"a":0,"k":[0,0],"ix":2}},"a":[]},"ip":0,"op":50,"st":0,"bm":0},{"ddd":0,"ind":4,"ty":4,"nm":"btn","sr":1,"ks":{"o":{"a":0,"k":40,"ix":11},"r":{"a":0,"k":0,"ix":10},"p":{"a":0,"k":[379,102,0],"ix":2,"l":2},"a":{"a":0,"k":[0,0,0],"ix":1,"l":2},"s":{"a":0,"k":[100,100,100],"ix":6,"l":2}},"ao":0,"shapes":[{"ty":"gr","it":[{"ty":"rc","d":1,"s":{"a":0,"k":[698,146],"ix":2},"p":{"a":0,"k":[0,0],"ix":3},"r":{"a":0,"k":79,"ix":4},"nm":"Rectangle Path 1","mn":"ADBE Vector Shape - Rect","hd":false},{"ty":"fl","c":{"a":0,"k":[0,0,0,1],"ix":4},"o":{"a":0,"k":100,"ix":5},"r":1,"bm":0,"nm":"Fill 1","mn":"ADBE Vector Graphic - Fill","hd":false},{"ty":"tr","p":{"a":0,"k":[0,0],"ix":2},"a":{"a":0,"k":[0,0],"ix":1},"s":{"a":0,"k":[100,100],"ix":3},"r":{"a":0,"k":0,"ix":6},"o":{"a":0,"k":100,"ix":7},"sk":{"a":0,"k":0,"ix":4},"sa":{"a":0,"k":0,"ix":5},"nm":"Transform"}],"nm":"矩形备份","np":2,"cix":2,"bm":0,"ix":1,"mn":"ADBE Vector Group","hd":false}],"ip":0,"op":1500,"st":0,"bm":0},{"ddd":0,"ind":5,"ty":4,"nm":"border","sr":1,"ks":{"o":{"a":1,"k":[{"i":{"x":[0.833],"y":[0.833]},"o":{"x":[0.167],"y":[0.167]},"t":0,"s":[100]},{"t":35,"s":[0]}],"ix":11},"r":{"a":0,"k":0,"ix":10},"p":{"a":0,"k":[377.329,100.293,0],"ix":2,"l":2},"a":{"a":0,"k":[0,0,0],"ix":1,"l":2},"s":{"a":0,"k":[100,100,100],"ix":6,"l":2}},"ao":0,"shapes":[{"ty":"gr","it":[{"ty":"rc","d":1,"s":{"a":1,"k":[{"i":{"x":[0.667,0.667],"y":[1,1]},"o":{"x":[0.333,0.333],"y":[0,0]},"t":0,"s":[720,168]},{"t":25,"s":[750,198]}],"ix":2},"p":{"a":0,"k":[0,0],"ix":3},"r":{"a":0,"k":104,"ix":4},"nm":"Rectangle Path 1","mn":"ADBE Vector Shape - Rect","hd":false},{"ty":"st","c":{"a":0,"k":[1,1,1,1],"ix":3},"o":{"a":0,"k":100,"ix":4},"w":{"a":0,"k":4,"ix":5},"lc":1,"lj":1,"ml":4,"bm":0,"nm":"Stroke 1","mn":"ADBE Vector Graphic - Stroke","hd":false},{"ty":"tr","p":{"a":0,"k":[1.671,1.707],"ix":2},"a":{"a":0,"k":[0,0],"ix":1},"s":{"a":0,"k":[100,100],"ix":3},"r":{"a":0,"k":0,"ix":6},"o":{"a":0,"k":100,"ix":7},"sk":{"a":0,"k":0,"ix":4},"sa":{"a":0,"k":0,"ix":5},"nm":"Transform"}],"nm":"矩形备份 2","np":2,"cix":2,"bm":0,"ix":1,"mn":"ADBE Vector Group","hd":false}],"ip":0,"op":1500,"st":0,"bm":0},{"ddd":0,"ind":6,"ty":4,"nm":"border1","sr":1,"ks":{"o":{"a":0,"k":100,"ix":11},"r":{"a":0,"k":0,"ix":10},"p":{"a":0,"k":[379,102,0],"ix":2,"l":2},"a":{"a":0,"k":[0,0,0],"ix":1,"l":2},"s":{"a":0,"k":[100,100,100],"ix":6,"l":2}},"ao":0,"shapes":[{"ty":"gr","it":[{"ty":"rc","d":1,"s":{"a":0,"k":[720,168],"ix":2},"p":{"a":0,"k":[0,0],"ix":3},"r":{"a":0,"k":84,"ix":4},"nm":"Rectangle Path 1","mn":"ADBE Vector Shape - Rect","hd":false},{"ty":"st","c":{"a":0,"k":[1,1,1,1],"ix":3},"o":{"a":0,"k":100,"ix":4},"w":{"a":0,"k":5,"ix":5},"lc":1,"lj":1,"ml":4,"bm":0,"nm":"Stroke 1","mn":"ADBE Vector Graphic - Stroke","hd":false},{"ty":"tr","p":{"a":0,"k":[0,0],"ix":2},"a":{"a":0,"k":[0,0],"ix":1},"s":{"a":0,"k":[100,100],"ix":3},"r":{"a":0,"k":0,"ix":6},"o":{"a":0,"k":100,"ix":7},"sk":{"a":0,"k":0,"ix":4},"sa":{"a":0,"k":0,"ix":5},"nm":"Transform"}],"nm":"矩形","np":2,"cix":2,"bm":0,"ix":1,"mn":"ADBE Vector Group","hd":false}],"ip":0,"op":1500,"st":0,"bm":0}],"markers":[],"chars":[{"ch":"点","size":48,"style":"Medium","w":100,"data":{"shapes":[{"ty":"gr","it":[{"ind":0,"ty":"sh","ix":1,"ks":{"a":0,"k":{"i":[[0,0],[0,0],[0,0],[0,0],[0,0],[0,0],[0,0],[0,0],[0,0],[0,0],[0,0],[0,0]],"o":[[0,0],[0,0],[0,0],[0,0],[0,0],[0,0],[0,0],[0,0],[0,0],[0,0],[0,0],[0,0]],"v":[[44.009,-81.976],[44.009,-53.476],[16.818,-53.476],[16.818,-19.336],[85.501,-19.336],[85.501,-53.476],[53.476,-53.476],[53.476,-64.151],[91.846,-64.151],[91.846,-73.114],[53.476,-73.114],[53.476,-81.976]],"c":true},"ix":2},"nm":"点","mn":"ADBE Vector Shape - Group","hd":false},{"ind":1,"ty":"sh","ix":2,"ks":{"a":0,"k":{"i":[[0,0],[0,0],[0,0],[0,0]],"o":[[0,0],[0,0],[0,0],[0,0]],"v":[[75.934,-28.198],[26.285,-28.198],[26.285,-44.513],[75.934,-44.513]],"c":true},"ix":2},"nm":"点","mn":"ADBE Vector Shape - Group","hd":false},{"ind":2,"ty":"sh","ix":3,"ks":{"a":0,"k":{"i":[[0,0],[4.834,-5.74],[0,0],[-3.625,8.661]],"o":[[-3.625,7.956],[0,0],[4.834,-6.244],[0,0]],"v":[[16.617,-16.013],[3.928,4.532],[11.783,10.272],[24.573,-12.085]],"c":true},"ix":2},"nm":"点","mn":"ADBE Vector Shape - Group","hd":false},{"ind":3,"ty":"sh","ix":4,"ks":{"a":0,"k":{"i":[[2.014,6.445],[0,0],[-1.208,-8.057],[0,0]],"o":[[0,0],[1.913,6.143],[0,0],[-1.611,-7.553]],"v":[[40.585,-12.79],[31.622,-10.876],[36.356,10.474],[46.024,8.258]],"c":true},"ix":2},"nm":"点","mn":"ADBE Vector Shape - Group","hd":false},{"ind":4,"ty":"sh","ix":5,"ks":{"a":0,"k":{"i":[[2.921,6.848],[0,0],[-1.913,-8.459],[0,0]],"o":[[0,0],[2.82,6.546],[0,0],[-2.216,-7.956]],"v":[[61.533,-14.099],[52.57,-12.286],[59.72,10.272],[69.186,8.057]],"c":true},"ix":2},"nm":"点","mn":"ADBE Vector Shape - Group","hd":false},{"ind":5,"ty":"sh","ix":6,"ks":{"a":0,"k":{"i":[[6.345,8.258],[0,0],[-3.525,-6.647],[0,0]],"o":[[0,0],[6.042,8.057],[0,0],[-3.424,-6.143]],"v":[[81.674,-16.315],[74.02,-11.38],[88.321,10.776],[96.277,5.237]],"c":true},"ix":2},"nm":"点","mn":"ADBE Vector Shape - Group","hd":false}],"nm":"点","np":9,"cix":2,"bm":0,"ix":1,"mn":"ADBE Vector Group","hd":false}]},"fFamily":"PingFang SC"},{"ch":"击","size":48,"style":"Medium","w":100,"data":{"shapes":[{"ty":"gr","it":[{"ind":0,"ty":"sh","ix":1,"ks":{"a":0,"k":{"i":[[0,0],[0,0],[0,0],[0,0],[0,0],[0,0],[0,0],[0,0],[0,0],[0,0],[0,0],[0,0],[0,0],[0,0],[0,0],[0,0],[0,0],[0,0],[0,0],[0,0],[0,0],[0,0],[0,0],[0,0],[0,0],[0,0],[0,0],[0,0],[0,0],[0,0],[0,0],[0,0]],"o":[[0,0],[0,0],[0,0],[0,0],[0,0],[0,0],[0,0],[0,0],[0,0],[0,0],[0,0],[0,0],[0,0],[0,0],[0,0],[0,0],[0,0],[0,0],[0,0],[0,0],[0,0],[0,0],[0,0],[0,0],[0,0],[0,0],[0,0],[0,0],[0,0],[0,0],[0,0],[0,0]],"v":[[13.394,-68.481],[13.394,-59.317],[45.419,-59.317],[45.419,-44.815],[5.64,-44.815],[5.64,-35.55],[45.419,-35.55],[45.419,-2.417],[24.069,-2.417],[24.069,-28.198],[14.905,-28.198],[14.905,10.574],[24.069,10.574],[24.069,6.445],[76.74,6.445],[76.74,10.574],[85.904,10.574],[85.904,-28.198],[76.74,-28.198],[76.74,-2.417],[55.289,-2.417],[55.289,-35.55],[95.169,-35.55],[95.169,-44.815],[55.289,-44.815],[55.289,-59.317],[86.911,-59.317],[86.911,-68.481],[55.289,-68.481],[55.289,-81.876],[45.419,-81.876],[45.419,-68.481]],"c":true},"ix":2},"nm":"击","mn":"ADBE Vector Shape - Group","hd":false}],"nm":"击","np":3,"cix":2,"bm":0,"ix":1,"mn":"ADBE Vector Group","hd":false}]},"fFamily":"PingFang SC"},{"ch":"跳","size":48,"style":"Medium","w":100,"data":{"shapes":[{"ty":"gr","it":[{"ind":0,"ty":"sh","ix":1,"ks":{"a":0,"k":{"i":[[0,0],[0,0],[0,0],[0,0],[1.712,-0.604],[0,0],[0,0],[0,0],[0,0],[0,0],[-9.064,3.827],[0,0],[3.122,-1.108],[0,0],[0,0],[0,0],[0,0],[-3.625,3.928],[8.057,-7.05],[0,0],[-0.201,21.552],[0,0],[0,0],[0,0],[2.921,5.841],[0,0],[-2.921,-7.452],[0,0],[0,0],[6.244,-3.424],[0,0],[0,0],[0,0],[0,0],[0,0]],"o":[[0,0],[0,0],[0,0],[-1.611,0.504],[0,0],[0,0],[0,0],[0,0],[0,0],[11.682,-3.424],[0,0],[-2.82,1.208],[0,0],[0,0],[0,0],[0,0],[4.23,-2.921],[-1.511,13.696],[0,0],[10.977,-9.97],[0,0],[0,0],[0,0],[-2.618,-7.05],[0,0],[3.323,5.841],[0,0],[0,0],[-5.035,5.237],[0,0],[0,0],[0,0],[0,0],[0,0],[0,0]],"v":[[7.956,-78.552],[7.956,-46.124],[20.142,-46.124],[20.142,-4.834],[15.106,-3.223],[15.106,-36.557],[7.352,-36.557],[7.352,-1.108],[3.525,-0.101],[6.244,8.459],[37.262,-2.417],[37.262,-11.078],[28.4,-7.654],[28.4,-23.062],[37.262,-23.062],[37.262,-23.868],[41.895,-16.315],[53.577,-26.587],[39.276,4.532],[46.426,10.876],[63.245,-36.356],[63.245,-82.278],[54.181,-82.278],[54.181,-48.138],[45.822,-67.575],[38.168,-63.849],[47.534,-43.909],[54.181,-47.232],[54.181,-38.068],[37.262,-25.177],[37.262,-31.32],[28.4,-31.32],[28.4,-46.124],[36.658,-46.124],[36.658,-78.552]],"c":true},"ix":2},"nm":"跳","mn":"ADBE Vector Shape - Group","hd":false},{"ind":1,"ty":"sh","ix":2,"ks":{"a":0,"k":{"i":[[0,0],[0,0],[0,0],[0,0]],"o":[[0,0],[0,0],[0,0],[0,0]],"v":[[28.299,-53.979],[16.315,-53.979],[16.315,-70.697],[28.299,-70.697]],"c":true},"ix":2},"nm":"跳","mn":"ADBE Vector Shape - Group","hd":false},{"ind":2,"ty":"sh","ix":3,"ks":{"a":0,"k":{"i":[[0,0],[3.827,-5.438],[0,0],[0,0],[0,0],[-6.042,0],[0,0],[-1.712,1.813],[-0.705,10.373],[0,0],[0.806,-1.511],[1.511,0],[0,0],[0,1.913],[0,0],[-4.23,-5.136],[0,0],[6.445,4.23],[0,0],[0,0],[-3.223,8.157]],"o":[[-2.82,7.15],[0,0],[0,0],[0,0],[0,6.244],[0,0],[3.424,0],[1.813,-2.014],[0,0],[-0.201,7.452],[-0.604,1.309],[0,0],[-1.813,0],[0,0],[4.23,3.625],[0,0],[-5.539,-5.74],[0,0],[0,0],[4.431,-6.042],[0,0]],"v":[[88.12,-70.596],[78.149,-51.764],[78.149,-82.278],[69.086,-82.278],[69.086,-0.806],[78.049,8.661],[85.703,8.661],[93.356,5.841],[97.083,-12.689],[88.724,-15.308],[87.112,-1.813],[83.99,0.201],[80.768,0.201],[78.149,-2.719],[78.149,-31.723],[90.738,-18.53],[96.176,-26.788],[78.149,-41.693],[78.149,-50.052],[84.595,-45.52],[96.075,-66.769]],"c":true},"ix":2},"nm":"跳","mn":"ADBE Vector Shape - Group","hd":false}],"nm":"跳","np":6,"cix":2,"bm":0,"ix":1,"mn":"ADBE Vector Group","hd":false}]},"fFamily":"PingFang SC"},{"ch":"转","size":48,"style":"Medium","w":100,"data":{"shapes":[{"ty":"gr","it":[{"ind":0,"ty":"sh","ix":1,"ks":{"a":0,"k":{"i":[[0,0],[0,0],[0,0],[-2.216,7.654],[0,0],[0,0],[0,0],[-0.806,3.827],[0,0],[0.906,-3.928],[0,0],[0,0],[0,0],[2.618,-5.438],[0,0],[0,0],[0,0],[6.848,-0.806],[0,0],[-5.841,1.007],[0,0],[0,0],[0,0],[-4.129,1.007],[0,0],[4.532,-0.906],[0,0],[0,0],[0,0],[0,0],[0,0]],"o":[[0,0],[0,0],[2.518,-6.042],[0,0],[0,0],[0,0],[0.806,-3.525],[0,0],[-0.806,4.33],[0,0],[0,0],[0,0],[-2.316,8.359],[0,0],[0,0],[0,0],[-6.143,1.007],[0,0],[6.345,-0.806],[0,0],[0,0],[0,0],[4.431,-1.007],[0,0],[-4.028,1.007],[0,0],[0,0],[0,0],[0,0],[0,0],[0,0]],"v":[[23.264,-54.584],[23.264,-40.384],[14.804,-40.384],[21.854,-60.928],[42.398,-60.928],[42.398,-70.193],[24.271,-70.193],[26.688,-81.271],[17.624,-82.581],[15.005,-70.193],[3.726,-70.193],[3.726,-60.928],[12.589,-60.928],[5.136,-40.283],[7.15,-31.824],[23.264,-31.824],[23.264,-18.631],[3.726,-15.912],[4.935,-6.546],[23.264,-9.366],[23.264,10.272],[32.428,10.272],[32.428,-11.179],[45.319,-14.2],[45.319,-23.264],[32.428,-20.343],[32.428,-31.824],[42.902,-31.824],[42.902,-40.384],[32.428,-40.384],[32.428,-54.584]],"c":true},"ix":2},"nm":"转","mn":"ADBE Vector Shape - Group","hd":false},{"ind":1,"ty":"sh","ix":2,"ks":{"a":0,"k":{"i":[[0,0],[0,0],[0,0],[0.705,-3.223],[0,0],[0,0],[0,0],[2.014,-6.143],[0,0],[5.237,-4.633],[4.834,2.014],[0,0],[-10.373,-8.057],[0,0],[3.625,2.216],[-3.223,6.445],[0,0],[0,0],[-1.108,3.827],[0,0],[0,0],[0,0],[-0.705,3.223],[0,0],[0,0],[0,0],[-0.705,4.028],[0,0],[0.806,-4.129]],"o":[[0,0],[0,0],[-0.705,3.021],[0,0],[0,0],[0,0],[-1.813,6.647],[0,0],[-3.122,4.834],[-4.431,-2.518],[0,0],[10.876,4.633],[0,0],[-3.323,-2.417],[6.647,-6.445],[0,0],[0,0],[1.007,-3.323],[0,0],[0,0],[0,0],[0.705,-3.021],[0,0],[0,0],[0,0],[0.604,-3.726],[0,0],[-0.705,4.23],[0,0]],"v":[[46.426,-70.193],[46.426,-60.928],[59.821,-60.928],[57.706,-51.562],[43.506,-51.562],[43.506,-42.398],[55.389,-42.398],[49.75,-23.163],[83.185,-23.163],[70.596,-8.963],[56.699,-15.811],[51.562,-8.258],[83.386,10.776],[88.724,2.518],[78.351,-4.532],[93.054,-23.767],[93.054,-31.622],[61.633,-31.622],[64.856,-42.398],[97.083,-42.398],[97.083,-51.562],[67.172,-51.562],[69.287,-60.928],[94.565,-60.928],[94.565,-70.193],[71.201,-70.193],[73.215,-81.775],[63.849,-82.681],[61.633,-70.193]],"c":true},"ix":2},"nm":"转","mn":"ADBE Vector Shape - Group","hd":false}],"nm":"转","np":5,"cix":2,"bm":0,"ix":1,"mn":"ADBE Vector Group","hd":false}]},"fFamily":"PingFang SC"},{"ch":"详","size":48,"style":"Medium","w":100,"data":{"shapes":[{"ty":"gr","it":[{"ind":0,"ty":"sh","ix":1,"ks":{"a":0,"k":{"i":[[0,0],[0,0],[0,0],[0,0],[0,0],[0,0],[0,0],[0,0],[0,0],[0,0],[0,0],[0,0],[0,0],[0,0],[0,0],[0,0],[0,0],[0,0],[0,0],[0,0],[0,0],[0,0],[0,0],[-2.216,5.539],[0,0],[2.82,-5.64],[0,0],[0,0],[3.122,4.431],[0,0],[-2.82,-5.136],[0,0],[0,0]],"o":[[0,0],[0,0],[0,0],[0,0],[0,0],[0,0],[0,0],[0,0],[0,0],[0,0],[0,0],[0,0],[0,0],[0,0],[0,0],[0,0],[0,0],[0,0],[0,0],[0,0],[0,0],[0,0],[2.618,-4.23],[0,0],[-2.216,6.244],[0,0],[0,0],[-2.921,-5.237],[0,0],[3.021,4.028],[0,0],[0,0],[0,0]],"v":[[62.036,-56.195],[62.036,-43.607],[42.599,-43.607],[42.599,-34.644],[62.036,-34.644],[62.036,-21.552],[37.061,-21.552],[37.061,-12.488],[62.036,-12.488],[62.036,10.474],[71.603,10.474],[71.603,-12.488],[96.68,-12.488],[96.68,-21.552],[71.603,-21.552],[71.603,-34.644],[91.04,-34.644],[91.04,-43.607],[71.603,-43.607],[71.603,-56.195],[94.061,-56.195],[94.061,-65.158],[80.869,-65.158],[88.12,-79.861],[79.056,-82.983],[71.402,-65.158],[56.296,-65.158],[62.036,-68.079],[52.972,-82.681],[45.016,-78.854],[53.778,-65.158],[39.578,-65.158],[39.578,-56.195]],"c":true},"ix":2},"nm":"详","mn":"ADBE Vector Shape - Group","hd":false},{"ind":1,"ty":"sh","ix":2,"ks":{"a":0,"k":{"i":[[6.445,4.834],[0,0],[-3.928,-4.633],[0,0]],"o":[[0,0],[7.05,5.338],[0,0],[-4.431,-4.935]],"v":[[17.422,-81.573],[10.776,-75.33],[27.292,-60.324],[33.737,-66.87]],"c":true},"ix":2},"nm":"详","mn":"ADBE Vector Shape - Group","hd":false},{"ind":2,"ty":"sh","ix":3,"ks":{"a":0,"k":{"i":[[0,0],[0,0],[0,0],[0,0],[1.611,-1.511],[0,0],[-5.438,6.143],[0,0],[2.014,-2.216],[0,0]],"o":[[0,0],[0,0],[0,0],[0,2.115],[0,0],[6.042,-4.935],[0,0],[-2.216,2.618],[0,0],[0,0]],"v":[[3.827,-52.57],[3.827,-43.405],[17.322,-43.405],[17.322,-6.445],[14.804,-1.007],[18.329,7.352],[35.449,-9.265],[33.032,-18.832],[26.587,-11.581],[26.587,-52.57]],"c":true},"ix":2},"nm":"详","mn":"ADBE Vector Shape - Group","hd":false}],"nm":"详","np":6,"cix":2,"bm":0,"ix":1,"mn":"ADBE Vector Group","hd":false}]},"fFamily":"PingFang SC"},{"ch":"情","size":48,"style":"Medium","w":100,"data":{"shapes":[{"ty":"gr","it":[{"ind":0,"ty":"sh","ix":1,"ks":{"a":0,"k":{"i":[[0,0],[0,0],[0,0],[0,0]],"o":[[0,0],[0,0],[0,0],[0,0]],"v":[[51.562,-18.127],[81.372,-18.127],[81.372,-12.79],[51.562,-12.79]],"c":true},"ix":2},"nm":"情","mn":"ADBE Vector Shape - Group","hd":false},{"ind":1,"ty":"sh","ix":2,"ks":{"a":0,"k":{"i":[[0,0],[0,0],[0,0],[0,0]],"o":[[0,0],[0,0],[0,0],[0,0]],"v":[[81.372,-25.378],[51.562,-25.378],[51.562,-31.119],[81.372,-31.119]],"c":true},"ix":2},"nm":"情","mn":"ADBE Vector Shape - Group","hd":false},{"ind":2,"ty":"sh","ix":3,"ks":{"a":0,"k":{"i":[[0,0],[0,0],[0,0],[2.216,0],[0,0],[0,0],[0,0],[0,6.143],[0,0],[0,0],[0,0],[0,0]],"o":[[0,0],[0,0],[0,2.216],[0,0],[0,0],[0,0],[6.445,0],[0,0],[0,0],[0,0],[0,0],[0,0]],"v":[[51.562,-5.539],[81.372,-5.539],[81.372,-1.611],[78.049,1.813],[70.898,1.309],[73.215,9.668],[80.768,9.668],[90.436,0.403],[90.436,-38.873],[42.599,-38.873],[42.599,10.172],[51.562,10.172]],"c":true},"ix":2},"nm":"情","mn":"ADBE Vector Shape - Group","hd":false},{"ind":3,"ty":"sh","ix":4,"ks":{"a":0,"k":{"i":[[0,0],[0,0],[0,0],[0,0],[0,0],[0,0],[0,0],[0,0],[0,0],[0,0],[0,0],[1.813,4.23],[0,0],[0,0],[0,0],[0,0],[0,0],[0,0],[-1.511,-6.042],[0,0],[0,0],[0,0],[0,0],[0,0],[0,0],[0,0],[0,0],[0,0],[0,0],[0,0],[0,0],[0,0],[0,0]],"o":[[0,0],[0,0],[0,0],[0,0],[0,0],[0,0],[0,0],[0,0],[0,0],[0,0],[-1.511,-5.237],[0,0],[0,0],[0,0],[0,0],[0,0],[0,0],[2.115,5.338],[0,0],[0,0],[0,0],[0,0],[0,0],[0,0],[0,0],[0,0],[0,0],[0,0],[0,0],[0,0],[0,0],[0,0],[0,0]],"v":[[61.935,-82.581],[61.935,-76.74],[39.075,-76.74],[39.075,-68.985],[61.935,-68.985],[61.935,-63.849],[42.499,-63.849],[42.499,-56.195],[61.935,-56.195],[61.935,-51.26],[36.758,-51.26],[31.723,-65.359],[25.479,-63.245],[25.479,-82.278],[16.214,-82.278],[16.214,9.97],[25.479,9.97],[25.479,-62.137],[30.917,-45.117],[36.053,-46.326],[36.053,-43.405],[96.881,-43.405],[96.881,-51.26],[71.402,-51.26],[71.402,-56.195],[90.536,-56.195],[90.536,-63.849],[71.402,-63.849],[71.402,-68.985],[93.961,-68.985],[93.961,-76.74],[71.402,-76.74],[71.402,-82.581]],"c":true},"ix":2},"nm":"情","mn":"ADBE Vector Shape - Group","hd":false},{"ind":4,"ty":"sh","ix":5,"ks":{"a":0,"k":{"i":[[0,0],[1.913,-8.661],[0,0],[-0.201,10.071]],"o":[[-0.201,9.467],[0,0],[2.014,-9.064],[0,0]],"v":[[6.244,-62.842],[3.021,-35.651],[10.172,-33.636],[13.495,-62.338]],"c":true},"ix":2},"nm":"情","mn":"ADBE Vector Shape - Group","hd":false}],"nm":"情","np":8,"cix":2,"bm":0,"ix":1,"mn":"ADBE Vector Group","hd":false}]},"fFamily":"PingFang SC"},{"ch":"页","size":48,"style":"Medium","w":100,"data":{"shapes":[{"ty":"gr","it":[{"ind":0,"ty":"sh","ix":1,"ks":{"a":0,"k":{"i":[[0,0],[0,0],[-0.604,3.021],[0,0],[0,0],[0,0],[0,0],[0,0],[0.604,-2.921],[0,0],[0,0],[0,0],[0,0],[0,0],[0,0],[0,0]],"o":[[0,0],[0.806,-2.82],[0,0],[0,0],[0,0],[0,0],[0,0],[-0.403,3.021],[0,0],[0,0],[0,0],[0,0],[0,0],[0,0],[0,0],[0,0]],"v":[[82.581,-61.23],[53.375,-61.23],[55.389,-70.093],[94.968,-70.093],[94.968,-79.156],[5.74,-79.156],[5.74,-70.093],[45.016,-70.093],[43.405,-61.23],[17.725,-61.23],[17.725,-12.286],[27.393,-12.286],[27.393,-51.865],[72.913,-51.865],[72.913,-12.387],[82.581,-12.387]],"c":true},"ix":2},"nm":"页","mn":"ADBE Vector Shape - Group","hd":false},{"ind":1,"ty":"sh","ix":2,"ks":{"a":0,"k":{"i":[[12.891,4.129],[0,0],[-11.279,-6.848],[0,0]],"o":[[0,0],[11.783,3.928],[0,0],[-10.574,-5.942]],"v":[[57.706,-13.495],[52.469,-5.539],[87.012,10.675],[92.953,1.611]],"c":true},"ix":2},"nm":"页","mn":"ADBE Vector Shape - Group","hd":false},{"ind":2,"ty":"sh","ix":3,"ks":{"a":0,"k":{"i":[[0,0],[0,0],[5.237,-5.237],[14.703,-3.223],[0,0],[-6.445,6.244],[-0.604,11.179],[0,0]],"o":[[0,0],[-0.504,8.459],[-5.237,4.935],[0,0],[14.703,-3.424],[6.647,-6.747],[0,0],[0,0]],"v":[[45.52,-47.031],[45.52,-31.018],[36.96,-10.474],[7.05,1.712],[12.488,10.272],[44.312,-4.129],[55.188,-31.018],[55.188,-47.031]],"c":true},"ix":2},"nm":"页","mn":"ADBE Vector Shape - Group","hd":false}],"nm":"页","np":6,"cix":2,"bm":0,"ix":1,"mn":"ADBE Vector Group","hd":false}]},"fFamily":"PingFang SC"}]}