{"v":"5.7.10","fr":25,"ip":0,"op":60,"w":400,"h":360,"nm":"Calls warning-02","ddd":0,"assets":[{"id":"image_0","w":400,"h":400,"u":"images/","p":"img_0.png","e":0},{"id":"comp_0","layers":[{"ddd":0,"ind":1,"ty":4,"nm":"04","sr":1,"ks":{"o":{"a":1,"k":[{"i":{"x":[0.667],"y":[1]},"o":{"x":[0.333],"y":[0]},"t":18,"s":[70]},{"t":56,"s":[0]}],"ix":11},"r":{"a":0,"k":0,"ix":10},"p":{"a":0,"k":[200,189.998,0],"ix":2,"l":2},"a":{"a":0,"k":[0,0,0],"ix":1,"l":2},"s":{"a":1,"k":[{"i":{"x":[0.667,0.667,0.667],"y":[1,1,1]},"o":{"x":[0.333,0.333,0.333],"y":[0,0,0]},"t":18,"s":[100,100,100]},{"t":56,"s":[150,150,100]}],"ix":6,"l":2}},"ao":0,"hasMask":true,"masksProperties":[{"inv":false,"mode":"a","pt":{"a":0,"k":{"i":[[0,0],[0,0],[0,0],[0,0],[-55.83,-18.37],[0,0],[0,0],[0,57.55]],"o":[[0,0],[0,0],[0,0],[0,58.19],[0,0],[0,0],[54.99,-18.87],[0,0]],"v":[[96.5,-79.188],[0.54,-106.878],[-95.5,-79.188],[-95.5,-21.148],[-1.99,107.052],[0.54,107.882],[4.63,106.502],[96.5,-21.118]],"c":true},"ix":1},"o":{"a":0,"k":100,"ix":3},"x":{"a":0,"k":0,"ix":4},"nm":"Mask 1"}],"shapes":[{"ty":"gr","it":[{"ind":0,"ty":"sh","ix":1,"ks":{"a":0,"k":{"i":[[0,0],[0,0],[0,0],[0,0],[-55.83,-18.37],[0,0],[0,0],[0,57.55]],"o":[[0,0],[0,0],[0,0],[0,58.19],[0,0],[0,0],[54.99,-18.87],[0,0]],"v":[[96,-79.688],[0.04,-107.378],[-96,-79.688],[-96,-21.648],[-2.49,106.552],[0.04,107.382],[4.13,106.002],[96,-21.618]],"c":true},"ix":2},"nm":"Path 1","mn":"ADBE Vector Shape - Group","hd":false},{"ty":"fl","c":{"a":0,"k":[1,1,1,1],"ix":4},"o":{"a":0,"k":100,"ix":5},"r":1,"bm":0,"nm":"Fill 1","mn":"ADBE Vector Graphic - Fill","hd":false},{"ty":"tr","p":{"a":0,"k":[0,0],"ix":2},"a":{"a":0,"k":[0,0],"ix":1},"s":{"a":0,"k":[100,100],"ix":3},"r":{"a":0,"k":0,"ix":6},"o":{"a":0,"k":100,"ix":7},"sk":{"a":0,"k":0,"ix":4},"sa":{"a":0,"k":0,"ix":5},"nm":"Transform"}],"nm":"底部","np":2,"cix":2,"bm":0,"ix":1,"mn":"ADBE Vector Group","hd":false}],"ip":0,"op":120,"st":0,"bm":0},{"ddd":0,"ind":2,"ty":4,"nm":"03","sr":1,"ks":{"o":{"a":1,"k":[{"i":{"x":[0.667],"y":[1]},"o":{"x":[0.333],"y":[0]},"t":0,"s":[60]},{"t":36,"s":[0]}],"ix":11},"r":{"a":0,"k":0,"ix":10},"p":{"a":0,"k":[200,189.998,0],"ix":2,"l":2},"a":{"a":0,"k":[0,0,0],"ix":1,"l":2},"s":{"a":1,"k":[{"i":{"x":[0.667,0.667,0.667],"y":[1,1,1]},"o":{"x":[0.333,0.333,0.333],"y":[0,0,0]},"t":0,"s":[100,100,100]},{"t":36,"s":[150,150,100]}],"ix":6,"l":2}},"ao":0,"hasMask":true,"masksProperties":[{"inv":false,"mode":"a","pt":{"a":0,"k":{"i":[[0,0],[0,0],[0,0],[0,0],[-55.83,-18.37],[0,0],[0,0],[0,57.55]],"o":[[0,0],[0,0],[0,0],[0,58.19],[0,0],[0,0],[54.99,-18.87],[0,0]],"v":[[96.5,-79.188],[0.54,-106.878],[-95.5,-79.188],[-95.5,-21.148],[-1.99,107.052],[0.54,107.882],[4.63,106.502],[96.5,-21.118]],"c":true},"ix":1},"o":{"a":0,"k":100,"ix":3},"x":{"a":0,"k":0,"ix":4},"nm":"Mask 1"}],"shapes":[{"ty":"gr","it":[{"ind":0,"ty":"sh","ix":1,"ks":{"a":0,"k":{"i":[[0,0],[0,0],[0,0],[0,0],[-55.83,-18.37],[0,0],[0,0],[0,57.55]],"o":[[0,0],[0,0],[0,0],[0,58.19],[0,0],[0,0],[54.99,-18.87],[0,0]],"v":[[96,-79.688],[0.04,-107.378],[-96,-79.688],[-96,-21.648],[-2.49,106.552],[0.04,107.382],[4.13,106.002],[96,-21.618]],"c":true},"ix":2},"nm":"Path 1","mn":"ADBE Vector Shape - Group","hd":false},{"ty":"fl","c":{"a":0,"k":[1,1,1,1],"ix":4},"o":{"a":0,"k":100,"ix":5},"r":1,"bm":0,"nm":"Fill 1","mn":"ADBE Vector Graphic - Fill","hd":false},{"ty":"tr","p":{"a":0,"k":[0,0],"ix":2},"a":{"a":0,"k":[0,0],"ix":1},"s":{"a":0,"k":[100,100],"ix":3},"r":{"a":0,"k":0,"ix":6},"o":{"a":0,"k":100,"ix":7},"sk":{"a":0,"k":0,"ix":4},"sa":{"a":0,"k":0,"ix":5},"nm":"Transform"}],"nm":"底部","np":2,"cix":2,"bm":0,"ix":1,"mn":"ADBE Vector Group","hd":false}],"ip":0,"op":120,"st":0,"bm":0}]}],"layers":[{"ddd":0,"ind":1,"ty":4,"nm":"iPhone","sr":1,"ks":{"o":{"a":0,"k":100,"ix":11},"r":{"a":0,"k":0,"ix":10},"p":{"a":0,"k":[199,187,0],"ix":2,"l":2},"a":{"a":0,"k":[0,0,0],"ix":1,"l":2},"s":{"a":0,"k":[100,100,100],"ix":6,"l":2}},"ao":0,"shapes":[{"ty":"gr","it":[{"ind":0,"ty":"sh","ix":1,"ks":{"a":0,"k":{"i":[[0,0],[0,0],[-0.99,0.45],[-8.07,-9.62],[1.93,-4.72],[4.95,-3],[0.73,-0.46],[18.91,28.24],[-11.63,7.33],[0,0],[0,0],[-4.45,-0.76],[-3.21,-6.13],[8.69,-5.59],[0.22,-0.13],[-8.4,-12.52],[-2.33,1.47]],"o":[[0,0],[1.2,-0.73],[6.93,-3.22],[5,5.98],[-1.43,3.52],[-0.3,0.19],[-11.47,7.22],[-18.98,-28.31],[0,0],[0,0],[5.88,-3.88],[4.46,0.78],[6.76,12.95],[-0.63,0.41],[-2.12,1.35],[8.49,12.67],[0,0]],"v":[[1.31,22.06],[4.37,20.12],[7.53,18.39],[28.64,27.06],[33.18,43.03],[24.04,51.97],[20.17,54.31],[-36.5,16.76],[-48.75,-49.06],[-47.22,-50.06],[-45.56,-51.15],[-31.46,-55.81],[-20.01,-45.55],[-23.43,-20.87],[-26.49,-18.97],[-16.61,3.92],[1.3,22.06]],"c":true},"ix":2},"nm":"Path 2","mn":"ADBE Vector Shape - Group","hd":false},{"ind":1,"ty":"sh","ix":2,"ks":{"a":0,"k":{"i":[[-2.41,-2.41],[1.89,-2.43],[0,0],[0,0],[0,0],[0,-3.41],[3.07,-0.35],[0,0],[0,0],[0,0],[1.89,-2.43],[0,0],[2.43,1.89],[0,0],[0,0],[0.35,0.8],[0,0],[0.08,0.44],[0,0],[0,0],[0,0],[-0.04,0.29],[0,0],[0,0],[-0.54,0.69],[0,0],[0,0]],"o":[[2.23,2.23],[0,0],[0,0],[0,0],[3.41,0],[0,3.17],[0,0],[0,0],[0,0],[2.23,2.23],[0,0],[-2.23,2.23],[0,0],[0,0],[-0.63,-0.57],[0,0],[-0.18,-0.4],[0,0],[0,0],[0,0],[0,-0.29],[0,0],[0,0],[0.2,-0.81],[0,0],[0,0],[2.41,-2.41]],"v":[[30.37,-49.19],[30.88,-41.03],[30.37,-40.45],[18.07,-28.16],[48.82,-28.16],[55,-21.98],[49.54,-15.84],[48.82,-15.8],[18.12,-15.8],[30.37,-3.55],[30.88,4.61],[30.37,5.19],[22.21,5.7],[21.63,5.19],[-0.97,-17.4],[-2.47,-19.47],[-2.5,-19.56],[-2.89,-20.82],[-2.98,-21.46],[-2.98,-21.46],[-3,-21.98],[-2.94,-22.85],[-2.81,-23.51],[-2.81,-23.51],[-1.7,-25.79],[-1.19,-26.37],[21.63,-49.19]],"c":true},"ix":2},"nm":"Path 3","mn":"ADBE Vector Shape - Group","hd":false},{"ty":"mm","mm":2,"nm":"Merge Paths 1","mn":"ADBE Vector Filter - Merge","hd":false},{"ty":"fl","c":{"a":0,"k":[1,1,1,1],"ix":4},"o":{"a":0,"k":100,"ix":5},"r":1,"bm":0,"nm":"Fill 1","mn":"ADBE Vector Graphic - Fill","hd":false},{"ty":"tr","p":{"a":0,"k":[0,0],"ix":2},"a":{"a":0,"k":[0,0],"ix":1},"s":{"a":0,"k":[100,100],"ix":3},"r":{"a":0,"k":0,"ix":6},"o":{"a":0,"k":100,"ix":7},"sk":{"a":0,"k":0,"ix":4},"sa":{"a":0,"k":0,"ix":5},"nm":"Transform"}],"nm":"iPhone","np":4,"cix":2,"bm":0,"ix":1,"mn":"ADBE Vector Group","hd":false}],"ip":0,"op":120,"st":0,"bm":0},{"ddd":0,"ind":2,"ty":4,"nm":"light","sr":1,"ks":{"o":{"a":0,"k":16,"ix":11},"r":{"a":0,"k":0,"ix":10},"p":{"a":0,"k":[200,127,0],"ix":2,"l":2},"a":{"a":0,"k":[0,0,0],"ix":1,"l":2},"s":{"a":0,"k":[100,100,100],"ix":6,"l":2}},"ao":0,"shapes":[{"ty":"gr","it":[{"ind":0,"ty":"sh","ix":1,"ks":{"a":0,"k":{"i":[[0,0],[0,0],[0,0],[0,0]],"o":[[0,0],[0,0],[0,0],[0,0]],"v":[[-88,-10.91],[0.04,-36],[88,-10.91],[0.01,36]],"c":true},"ix":2},"nm":"Path 1","mn":"ADBE Vector Shape - Group","hd":false},{"ty":"fl","c":{"a":0,"k":[1,1,1,1],"ix":4},"o":{"a":0,"k":100,"ix":5},"r":1,"bm":0,"nm":"Fill 1","mn":"ADBE Vector Graphic - Fill","hd":false},{"ty":"tr","p":{"a":0,"k":[0,0],"ix":2},"a":{"a":0,"k":[0,0],"ix":1},"s":{"a":0,"k":[100,100],"ix":3},"r":{"a":0,"k":0,"ix":6},"o":{"a":0,"k":100,"ix":7},"sk":{"a":0,"k":0,"ix":4},"sa":{"a":0,"k":0,"ix":5},"nm":"Transform"}],"nm":"亮面","np":2,"cix":2,"bm":0,"ix":1,"mn":"ADBE Vector Group","hd":false}],"ip":0,"op":120,"st":0,"bm":0},{"ddd":0,"ind":3,"ty":4,"nm":"border-blue","sr":1,"ks":{"o":{"a":0,"k":50,"ix":11},"r":{"a":0,"k":0,"ix":10},"p":{"a":0,"k":[200,190,0],"ix":2,"l":2},"a":{"a":0,"k":[0,0,0],"ix":1,"l":2},"s":{"a":0,"k":[100,100,100],"ix":6,"l":2}},"ao":0,"shapes":[{"ty":"gr","it":[{"ind":0,"ty":"sh","ix":1,"ks":{"a":0,"k":{"i":[[0,0],[0,0],[0,0],[52.55,-17.29],[0,54.72],[0,0]],"o":[[0,0],[0,0],[0,54.71],[-52.56,-17.29],[0,0],[0,0]],"v":[[0.04,-99],[88,-73.62],[88,-21.57],[0.01,99],[-88,-21.59],[-88,-73.62]],"c":true},"ix":2},"nm":"Path 1","mn":"ADBE Vector Shape - Group","hd":false},{"ind":1,"ty":"sh","ix":2,"ks":{"a":0,"k":{"i":[[0,0],[0,0],[0,0],[-47.67,-17.04],[0,0],[0,0],[-0.64,49.59],[0,0],[0,0]],"o":[[0,0],[0,0],[0,50.23],[0,0],[0,0],[47.17,-16.86],[0,0],[0,0],[0,0]],"v":[[0.04,-90.675],[-80,-67.605],[-80,-21.595],[-0.42,90.395],[0.01,90.545],[0.45,90.395],[79.99,-20.035],[80,-21.575],[80,-67.605]],"c":true},"ix":2},"nm":"Path 2","mn":"ADBE Vector Shape - Group","hd":false},{"ty":"mm","mm":1,"nm":"Merge Paths 1","mn":"ADBE Vector Filter - Merge","hd":false},{"ty":"fl","c":{"a":0,"k":[0.109803921569,0.219607843137,0.823529411765,1],"ix":4},"o":{"a":0,"k":100,"ix":5},"r":1,"bm":0,"nm":"Fill 1","mn":"ADBE Vector Graphic - Fill","hd":false},{"ty":"tr","p":{"a":0,"k":[0,0],"ix":2},"a":{"a":0,"k":[0,0],"ix":1},"s":{"a":0,"k":[100,100],"ix":3},"r":{"a":0,"k":0,"ix":6},"o":{"a":0,"k":100,"ix":7},"sk":{"a":0,"k":0,"ix":4},"sa":{"a":0,"k":0,"ix":5},"nm":"Transform"}],"nm":"描边","np":4,"cix":2,"bm":0,"ix":1,"mn":"ADBE Vector Group","hd":false}],"ip":0,"op":120,"st":0,"bm":0},{"ddd":0,"ind":4,"ty":4,"nm":"main","sr":1,"ks":{"o":{"a":0,"k":100,"ix":11},"r":{"a":0,"k":0,"ix":10},"p":{"a":0,"k":[200,190,0],"ix":2,"l":2},"a":{"a":0,"k":[0,0,0],"ix":1,"l":2},"s":{"a":0,"k":[100,100,100],"ix":6,"l":2}},"ao":0,"shapes":[{"ty":"gr","it":[{"ind":0,"ty":"sh","ix":1,"ks":{"a":0,"k":{"i":[[0,0],[0,0],[0,0],[0,0],[52.55,-17.29],[0,0],[0,54.72]],"o":[[0,0],[0,0],[0,0],[0,54.71],[0,0],[-52.56,-17.29],[0,0]],"v":[[-88,-73.62],[0.04,-99],[88,-73.62],[88,-21.57],[0.01,99],[0.01,99],[-88,-21.59]],"c":true},"ix":2},"nm":"Path 1","mn":"ADBE Vector Shape - Group","hd":false},{"ty":"gf","o":{"a":0,"k":100,"ix":10},"r":1,"bm":0,"g":{"p":3,"k":{"a":0,"k":[0,0.176,0.29,0.922,0.5,0.422,0.504,0.961,1,0.667,0.718,1],"ix":9}},"s":{"a":0,"k":[82.367,0],"ix":5},"e":{"a":0,"k":[-81.43,0],"ix":6},"t":1,"nm":"Gradient","mn":"ADBE Vector Graphic - G-Fill","hd":false},{"ty":"tr","p":{"a":0,"k":[0,0],"ix":2},"a":{"a":0,"k":[0,0],"ix":1},"s":{"a":0,"k":[100,100],"ix":3},"r":{"a":0,"k":0,"ix":6},"o":{"a":0,"k":100,"ix":7},"sk":{"a":0,"k":0,"ix":4},"sa":{"a":0,"k":0,"ix":5},"nm":"Transform"}],"nm":"主体","np":2,"cix":2,"bm":0,"ix":1,"mn":"ADBE Vector Group","hd":false}],"ip":0,"op":120,"st":0,"bm":0},{"ddd":0,"ind":7,"ty":0,"nm":"mask","refId":"comp_0","sr":1,"ks":{"o":{"a":0,"k":100,"ix":11},"r":{"a":0,"k":0,"ix":10},"p":{"a":0,"k":[200,180,0],"ix":2,"l":2},"a":{"a":0,"k":[200,180,0],"ix":1,"l":2},"s":{"a":0,"k":[100,100,100],"ix":6,"l":2}},"ao":0,"hasMask":true,"masksProperties":[{"inv":false,"mode":"s","pt":{"a":0,"k":{"i":[[0,0],[0,0],[0,0],[0,0],[-55.83,-18.37],[0,0],[0,0],[0,57.55]],"o":[[0,0],[0,0],[0,0],[0,58.19],[0,0],[0,0],[54.99,-18.87],[0,0]],"v":[[296,110.312],[200.04,82.622],[104,110.312],[104,168.352],[197.51,296.552],[200.04,297.382],[204.13,296.002],[296,168.382]],"c":true},"ix":1},"o":{"a":0,"k":100,"ix":3},"x":{"a":0,"k":0,"ix":4},"nm":"Mask 1"}],"w":400,"h":360,"ip":0,"op":120,"st":0,"bm":0},{"ddd":0,"ind":10,"ty":1,"nm":"Blue Solid 6","sr":1,"ks":{"o":{"a":0,"k":100,"ix":11},"r":{"a":0,"k":0,"ix":10},"p":{"a":0,"k":[200,190,0],"ix":2,"l":2},"a":{"a":0,"k":[200,200,0],"ix":1,"l":2},"s":{"a":0,"k":[100,100,100],"ix":6,"l":2}},"ao":0,"hasMask":true,"masksProperties":[{"inv":false,"mode":"s","pt":{"a":0,"k":{"i":[[0,0],[0,0],[0,0],[0,0],[-55.83,-18.37],[0,0],[0,0],[0,57.55]],"o":[[0,0],[0,0],[0,0],[0,58.19],[0,0],[0,0],[54.99,-18.87],[0,0]],"v":[[296,120.312],[200.04,92.622],[104,120.312],[104,178.352],[197.51,306.552],[200.04,307.382],[204.13,306.002],[296,178.382]],"c":true},"ix":1},"o":{"a":0,"k":100,"ix":3},"x":{"a":0,"k":0,"ix":4},"nm":"Mask 1"}],"sw":400,"sh":400,"sc":"#2d4aeb","ip":0,"op":120,"st":0,"bm":0},{"ddd":0,"ind":11,"ty":2,"nm":"img_1.png","cl":"png","refId":"image_0","sr":1,"ks":{"o":{"a":0,"k":100,"ix":11},"r":{"a":1,"k":[{"i":{"x":[0.833],"y":[0.833]},"o":{"x":[0.167],"y":[0.167]},"t":0,"s":[0]},{"t":60,"s":[360]}],"ix":10},"p":{"a":0,"k":[200,190,0],"ix":2,"l":2},"a":{"a":0,"k":[200,200,0],"ix":1,"l":2},"s":{"a":0,"k":[100,100,100],"ix":6,"l":2}},"ao":0,"ip":0,"op":120,"st":0,"bm":0},{"ddd":0,"ind":12,"ty":4,"nm":"border-blue","sr":1,"ks":{"o":{"a":0,"k":100,"ix":11},"r":{"a":0,"k":0,"ix":10},"p":{"a":0,"k":[200,189.998,0],"ix":2,"l":2},"a":{"a":0,"k":[0,0,0],"ix":1,"l":2},"s":{"a":0,"k":[100,100,100],"ix":6,"l":2}},"ao":0,"shapes":[{"ty":"gr","it":[{"ind":0,"ty":"sh","ix":1,"ks":{"a":0,"k":{"i":[[0,0],[0,0],[0,0],[0,0],[-55.83,-18.37],[0,0],[0,0],[0,57.55]],"o":[[0,0],[0,0],[0,0],[0,58.19],[0,0],[0,0],[54.99,-18.87],[0,0]],"v":[[96,-79.688],[0.04,-107.378],[-96,-79.688],[-96,-21.648],[-2.49,106.552],[0.04,107.382],[4.13,106.002],[96,-21.618]],"c":true},"ix":2},"nm":"Path 1","mn":"ADBE Vector Shape - Group","hd":false},{"ty":"fl","c":{"a":0,"k":[0.176470588235,0.290196078431,0.921568687289,1],"ix":4},"o":{"a":0,"k":100,"ix":5},"r":1,"bm":0,"nm":"Fill 1","mn":"ADBE Vector Graphic - Fill","hd":false},{"ty":"tr","p":{"a":0,"k":[0,0],"ix":2},"a":{"a":0,"k":[0,0],"ix":1},"s":{"a":0,"k":[100,100],"ix":3},"r":{"a":0,"k":0,"ix":6},"o":{"a":0,"k":100,"ix":7},"sk":{"a":0,"k":0,"ix":4},"sa":{"a":0,"k":0,"ix":5},"nm":"Transform"}],"nm":"底部","np":2,"cix":2,"bm":0,"ix":1,"mn":"ADBE Vector Group","hd":false}],"ip":0,"op":120,"st":0,"bm":0},{"ddd":0,"ind":13,"ty":4,"nm":"border-white","sr":1,"ks":{"o":{"a":0,"k":100,"ix":11},"r":{"a":0,"k":0,"ix":10},"p":{"a":0,"k":[200,189.998,0],"ix":2,"l":2},"a":{"a":0,"k":[0,0,0],"ix":1,"l":2},"s":{"a":0,"k":[100,100,100],"ix":6,"l":2}},"ao":0,"shapes":[{"ty":"gr","it":[{"ind":0,"ty":"sh","ix":1,"ks":{"a":0,"k":{"i":[[0,0],[0,0],[0,0],[0,0],[-55.83,-18.37],[0,0],[0,0],[0,57.55]],"o":[[0,0],[0,0],[0,0],[0,58.19],[0,0],[0,0],[54.99,-18.87],[0,0]],"v":[[96,-79.688],[0.04,-107.378],[-96,-79.688],[-96,-21.648],[-2.49,106.552],[0.04,107.382],[4.13,106.002],[96,-21.618]],"c":true},"ix":2},"nm":"Path 1","mn":"ADBE Vector Shape - Group","hd":false},{"ty":"fl","c":{"a":0,"k":[0.917647058824,0.929411764706,0.992156862745,1],"ix":4},"o":{"a":0,"k":100,"ix":5},"r":1,"bm":0,"nm":"Fill 1","mn":"ADBE Vector Graphic - Fill","hd":false},{"ty":"tr","p":{"a":0,"k":[0,0],"ix":2},"a":{"a":0,"k":[0,0],"ix":1},"s":{"a":0,"k":[100,100],"ix":3},"r":{"a":0,"k":0,"ix":6},"o":{"a":0,"k":100,"ix":7},"sk":{"a":0,"k":0,"ix":4},"sa":{"a":0,"k":0,"ix":5},"nm":"Transform"}],"nm":"底部","np":2,"cix":2,"bm":0,"ix":1,"mn":"ADBE Vector Group","hd":false}],"ip":0,"op":120,"st":0,"bm":0}],"markers":[]}